tconst	directors	writers
tt0000912	nm0000428	nm0853193
tt0013001	nm0279404	nm0279404
tt0016344	nm0003226	nm0793684
tt0017504	nm0569645	\N
tt0024996	nm0090007	nm0306731,nm0881148,nm0489679
tt0029553	nm0681635	nm0119378,nm0434835
tt0030476	nm0746740	nm0070361,nm0498738,nm0727411
tt0035860	nm0908831	nm0240417,nm0400568
tt0037142	nm0627864	nm0617202
tt0037819	nm0743102	nm0001120,nm0290000,nm0536139,nm0700110,nm0953790
tt0038874	nm0139878	nm0355963
tt0042171	nm1096414,nm1094579	nm0293186,nm0364777,nm1680435
tt0043124	nm0289297	nm0119378
tt0043718	nm0389219	nm0278930,nm0623880,nm0771176
tt0047851	nm0552871	nm0345102,nm0552871,nm0850996
tt0051822	nm0295901	nm0828436,nm0252554,nm0307528
tt0059883	nm0275269,nm0290050	nm0275269,nm0290050,nm0536238
tt0060897	nm0447944	nm0169540
tt0067065	nm0852279	nm0214989,nm0099541
tt0069752	nm0351566	nm0351566,nm0947987
tt0075054	nm0316375	nm0078154,nm0316375
tt0078765	nm0724927	nm0169540,nm0724927
tt0083464	nm0382779,nm0046172	nm0492626,nm0492954,nm2631812,nm0137547,nm0888538
tt0083829	nm0252834	\N
tt0084219	nm0052792	nm0052792,nm0799442
tt0084769	nm0341001	nm0509015,nm0943278
tt0094045	nm0662717	\N
tt0098516	nm0496673	nm0486599,nm0496673
tt0098901	nm0379775,nm0391502	nm0379775,nm0391502
tt0100152	nm0055988	nm0104335,nm0274905
tt0101806	nm0341001	nm0013048,nm0341001,nm0414530
tt0106802	nm0237253	\N
tt0108382	nm0254402	\N
tt0118989	nm0421528	nm0861612,nm0183281,nm0702804
tt0122147	nm0510969,nm0910945	nm15630790
tt0123134	nm0549061	nm0549061,nm0753868
tt0128154	nm0040252	nm0040252
tt0130658	nm0379849	nm0670056
tt0150825	nm0711197	nm0287888,nm0458783,nm9779408,nm0821434,nm0856056
tt0153418	\N	\N
tt0154545	nm0836877	\N
tt0155189	nm0360617	nm0940425
tt0157291	nm0222077	\N
tt0158601	nm0347708,nm0684335	nm0347708,nm0684335
tt0159535	nm0477870	nm0406935,nm0411573
tt0160440	nm0620008	nm0410982
tt0162689	nm0341001	nm0344509,nm0399560
tt0167882	nm0728279	nm0076522,nm1457655
tt0168056	nm0771652	nm0315354
tt0171350	nm0304752	\N
tt0172644	nm0473170	\N
tt0173156	nm2381428	nm1104579
tt0175542	nm0843948	nm0126764,nm0445615
tt0176753	nm0729866	nm0089009,nm0199137,nm1703735
tt0178467	nm0000465	nm2041514
tt0179003	nm0131051	nm0264033,nm0686177,nm0756757
tt0179070	nm0860078	nm0234893,nm0860078
tt0182719	nm0232401	nm0276227,nm0276252
tt0186933	nm0051471,nm0852019,nm0724047	nm0619700,nm0574914
tt0189614	\N	\N
tt0199584	nm0557138	nm0557138,nm1038162
tt0200978	nm0811689	nm0811689
tt0201489	nm0462029	nm0462029
tt0202581	nm0756828	nm0756481,nm0756828
tt0207147	nm0433218	nm0375350,nm1746331
tt0214463	nm0287821	nm0003141
tt0217355	nm0705535	nm0705535,nm0513197
tt0223171	nm0354793	nm0169569
tt0228992	nm0086920	nm0086920,nm0092006,nm0213476
tt0239094	nm0006931	nm0006931,nm0909770
tt0244550	nm0537069	\N
tt0258073	nm0706484	nm0766463
tt0260149	\N	nm0007043,nm0917149
tt0262082	nm0762786	nm0762786,nm0837816
tt0268262	\N	\N
tt0268446	nm0792630	nm1282695,nm0792630,nm2353018
tt0273349	nm0486010,nm0490594,nm0490838	nm0485712
tt0287851	\N	\N
tt0297483	nm0627292	nm0094558,nm0769121
tt0299531	\N	\N
tt0302835	nm0754792	nm0754792
tt0306770	nm0000853	nm0000853,nm0096584,nm1207558
tt0308720	nm0699536	nm0026153,nm0699535,nm0699536
tt0308746	nm0483943	\N
tt0310206	nm0536827	nm0187912
tt0318498	nm0061792	nm0061792,nm0558433
tt0326933	nm0202720	nm0160280
tt0326988	nm1213932	nm1213932
tt0328672	nm0461072	nm0234093,nm0461072,nm2593668
tt0337857	nm1228961	nm1228961
tt0344951	nm0211108	\N
tt0345326	nm0525910,nm0698645	\N
tt0345498	nm0037571	nm0037571,nm1130840
tt0347010	nm1301734	nm1297945,nm1298229,nm1301734
tt0349577	nm0781748	\N
tt0349688	nm0946918	nm0934629,nm0946918
tt0353173	nm0869473	nm1322986
tt0354836	nm1011749	nm0206797,nm1011749,nm0682612
tt0355339	\N	\N
tt0362448	\N	\N
tt0362823	nm0562400	nm0562400
tt0367389	nm0785508	nm0649875,nm0785508
tt0371002	nm0872065	nm1229096
tt0379076	nm1364303	nm1435955
tt0379169	nm0784374,nm1443162	nm2510123
tt0380699	nm0158029	nm0498080
tt0380968	nm1425001,nm8543558	nm0739747
tt0383039	\N	\N
tt0383458	nm2589284	nm2589284,nm0945915,nm2915151
tt0384125	nm0864107	nm0905001,nm1473808
tt0392101	\N	\N
tt0394320	nm0548449	nm0075276,nm0777209,nm0093748,nm0777203
tt0395124	nm0130685	nm0130685,nm1526622,nm0863571
tt0395985	\N	\N
tt0396372	nm1534612	nm1533579,nm1191596
tt0397905	\N	\N
tt0400487	nm1048574	nm0137770,nm2842306,nm1313029
tt0400674	nm0126494	nm1480068
tt0401825	nm0308257	nm6694616
tt0415431	nm1659897,nm1653764	\N
tt0423873	nm2448481	\N
tt0424715	\N	nm0969355,nm8202401,nm1212056
tt0426137	nm1729080	nm1729080
tt0430891	nm0053672	nm0053672,nm1317644
tt0434257	\N	nm0518840
tt0439293	nm1349522	nm1458047,nm1349522
tt0441188	\N	\N
tt0442260	nm1366831	\N
tt0442870	nm0119174,nm1591416,nm1552859	nm2785264,nm1913426,nm3856889,nm2721922,nm5347072,nm2726317,nm2343677,nm2051096,nm4763821,nm2624708,nm5537357,nm2202509,nm3363313,nm5537364,nm2340570,nm0119174,nm2001780,nm1552859
tt0446789	nm1830001	nm1830001
tt0451990	nm1206459,nm0406608	nm0219020,nm0406654
tt0456268	nm0343547	nm0030026,nm0343547
tt0456548	nm0280432	\N
tt0463992	nm0548059,nm1952842	nm1962500,nm1952842
tt0465362	nm1228607	nm1228607
tt0469695	nm0841326	nm0024377,nm0841326
tt0472465	nm0089502	nm1996304
tt0475535	\N	\N
tt0477405	nm0061314,nm0523560,nm0602337	\N
tt0481069	nm0660537	nm0660537,nm2012385
tt0483524	nm1497208	nm1497208
tt0485141	nm0093361	\N
tt0486523	nm1531137	nm1531137
tt0487216	nm0223800	\N
tt0493926	nm0449373	\N
tt0504908	nm0533383	nm0628296,nm0823206,nm0606594
tt0508661	nm0646440	nm0009190,nm0684374,nm1109145,nm1110140,nm1346394
tt0514304	nm0304461	nm0790328,nm0919006,nm0817624
tt0516525	nm0076679	nm0344878
tt0517481	nm0209703	nm0597005,nm0044657
tt0523730	\N	\N
tt0530202	nm0000816	nm0003662,nm0038933
tt0533602	nm0378660	nm0081305,nm0378660,nm0442622
tt0539512	nm0638528	nm0004798,nm0789848
tt0548520	\N	nm0417224
tt0551485	nm0541562	nm0077111,nm0441338,nm0475117,nm1335972
tt0555498	\N	nm0485989
tt0556591	nm0443170	nm0664251
tt0560762	\N	\N
tt0566921	nm0721728	nm0122560,nm0460295,nm0798983
tt0568966	nm0030362	nm0382985,nm0808850,nm0390852
tt0569918	\N	\N
tt0570159	\N	nm1943622,nm0050198,nm0001122,nm1968686
tt0580059	nm0805729	nm0960613,nm0195720
tt0586721	nm0571983	nm0349953,nm0403568,nm0403569,nm0695415,nm2803569
tt0588408	\N	nm1345855,nm1065319,nm1204427,nm1229293,nm1470110
tt0592324	nm1442868	nm0103836,nm0346959,nm0656970
tt0595246	nm0739755	\N
tt0599452	\N	\N
tt0603557	nm0664756	nm0277716,nm0568730,nm0931285,nm0272206,nm0308745,nm0801346
tt0614824	nm0482457	nm0629447,nm0743690,nm0921935,nm0005131,nm0495882
tt0615344	\N	nm3165782,nm1283368
tt0615837	nm0001281,nm2001446	nm0012948,nm0007184,nm0121902,nm0198636,nm1372735,nm0406237,nm1002564,nm0453994,nm1802676,nm1646177,nm0640840,nm1200564,nm1262827
tt0616373	\N	\N
tt0622170	nm0784198	nm0940083
tt0625878	nm0657632	nm0454626
tt0631504	\N	\N
tt0631931	nm0567757	nm0107288
tt0634380	\N	\N
tt0638352	nm0002195	nm0089124,nm0005316,nm0312205,nm0393645
tt0648569	nm0021079	nm0694344
tt0654277	\N	\N
tt0660225	nm0123273	nm0799995,nm0509288,nm0410533,nm0298858
tt0661108	nm0399392	nm0162467,nm0920990,nm0921449
tt0664364	\N	nm0101756
tt0668105	nm0697074	nm0972915
tt0674494	nm0240378	nm2436797,nm0492692
tt0688184	nm0421675	nm0720009,nm0001834,nm0841989,nm0167117,nm1625306,nm1081277,nm5202649
tt0691418	nm0006916	nm0531792,nm0205065
tt0693895	\N	\N
tt0698358	nm2054573	nm0069210,nm2049884,nm1210565,nm1210984
tt0700249	nm0320987	nm0055231,nm0338489,nm1154097,nm0770366
tt0700650	nm0004900	nm0004798,nm0206137
tt0705732	\N	\N
tt0708994	nm0463926	nm0734472,nm0075834,nm0683522,nm0852578,nm0082376,nm0589310,nm0298188,nm0755986,nm0852899
tt0714856	\N	\N
tt0718170	nm0944315	\N
tt0728547	nm0113512,nm0129828	nm0129828,nm1216938,nm1138901,nm1563049,nm3433314,nm0459679,nm1337895,nm9509511
tt0731010	nm0032222	\N
tt0731309	\N	\N
tt0733881	nm0035840	nm0253673,nm1565115
tt0737607	\N	\N
tt0743886	nm0155117	nm0375062,nm0189504,nm0278635,nm0362987,nm0448579,nm0843100
tt0744537	nm0003617	nm0712904,nm0800111,nm0005541,nm0915465,nm0931223
tt0745256	nm1118148	nm0013094,nm0360288,nm0401018,nm1003817,nm1654291,nm0544622,nm0567239,nm0608081,nm1328139,nm0796875,nm0804443,nm1713118,nm1578661,nm1552522
tt0747141	nm0200973	nm0697130,nm0200973
tt0760851	\N	\N
tt0767705	\N	\N
tt0770311	nm0105826	nm0358905
tt0771394	nm0005355	nm0249493,nm2196492
tt0781515	nm1117656	nm1117656
tt0781949	nm0664514	nm2509698,nm0915397
tt0786841	\N	\N
tt0797713	\N	\N
tt0797888	nm2173911	nm0678112
tt0803457	nm0754619	nm0243721
tt0805321	nm0783245	nm0783245
tt0806289	nm2086346	nm2086346
tt0807661	\N	\N
tt0809138	nm0930198	nm1342140
tt0820056	nm1189519	nm1189519
tt0821733	nm0329574	nm0710865,nm0810158
tt0825957	\N	nm0338279,nm0685312,nm0810019
tt0826770	nm0558058	nm1944984,nm0558058
tt0829092	nm1010497,nm1013675,nm2258390	nm2312824,nm1010497,nm1013675,nm2258390
tt0831170	\N	\N
tt0833483	nm0246228	nm0246228
tt0836847	nm0215617	nm0574341,nm0653565
tt0837966	nm1398960,nm0585086,nm0793804	nm0532235,nm0958412,nm0968998,nm0576761,nm2213739
tt0839174	nm1122467	nm1122467,nm1442266,nm1634772
tt0844271	nm1013668	nm0722865
tt0847577	\N	nm2359518
tt0849861	nm0694516	nm0741911,nm0918826,nm0771627,nm0329085,nm1034110,nm0385807,nm0813206,nm0661275,nm0463171,nm0029712,nm0122875,nm0549359
tt0850263	nm2007753,nm0551272	\N
tt0854560	nm0505842	nm0106563,nm1376372,nm1342242
tt0870224	nm0625651	nm0072396,nm0335603,nm0625316,nm0625651,nm0814068
tt0871501	nm1618142	nm1597645,nm2015895,nm2090679
tt0872840	\N	\N
tt0874440	\N	nm0400279
tt0874744	\N	\N
tt0876696	\N	nm0599695
tt0882816	nm0005614	\N
tt0883098	\N	\N
tt0892322	nm1529642	\N
tt0897623	nm0021079	nm0666938,nm0253631,nm1047699,nm0914335
tt0898745	\N	nm0314826,nm2453809
tt0906469	\N	\N
tt0906588	nm0070374	\N
tt0908773	nm1995590	nm2424881,nm1995590,nm2423330,nm2426739,nm2426216,nm2422945,nm1818405,nm2422652,nm0893377,nm1012432
tt0912486	nm1013668	nm0722865
tt0923237	\N	\N
tt0933342	nm1837426	nm0216016,nm1761677
tt0933419	nm2503998	nm0876641
tt0937177	\N	\N
tt0937284	nm0938352	nm1148023,nm0775700
tt0940633	nm0450068,nm0899466	nm0367960,nm2516074,nm2516764,nm0580737,nm3331701,nm3225797
tt0941219	\N	nm0417224
tt0941680	nm0951197,nm0033170	nm0844784
tt0943002	nm3116575	nm0126641
tt0946817	\N	\N
tt0948725	\N	\N
tt0949206	\N	\N
tt0953212	nm0719685	nm0365234
tt0955564	nm0263244	\N
tt0965837	\N	nm0417224
tt0966767	\N	\N
tt0968510	\N	nm1347153
tt0969097	\N	nm2128871,nm1196035,nm0959895
tt0970180	nm0742572	nm0742572,nm0493682
tt0970801	\N	\N
tt0987149	nm0071713	nm0504818
tt10003342	\N	nm5805354,nm3590726
tt1000348	nm0382956	nm3162596,nm1834349
tt10010398	\N	\N
tt1001109	\N	nm0177760,nm11494854,nm0563505,nm1697594
tt10027808	nm4762022	nm0924345
tt1003029	nm0210855,nm0528260	nm0528260
tt10033410	nm10552760,nm3178138	nm3178138
tt10035704	nm2775161,nm0721342,nm1542079	nm2771158,nm0734570,nm2891978,nm4486392
tt10054700	nm0764222	\N
tt10056868	nm2129968,nm4908114,nm4907854	nm2376836,nm4908456,nm12165838,nm4907704,nm4908694,nm2378421
tt10057616	nm10631312,nm4027968	nm12010720,nm5378778,nm2097520,nm4029150,nm2814611,nm4030057
tt10057664	nm3753696,nm11629715,nm7036765,nm7867124	nm2276735,nm1883558
tt10069402	\N	\N
tt10069600	nm1363214,nm1618188,nm1966600,nm1875154	nm4516834,nm8474231,nm8474229,nm2544508,nm6567980
tt10098254	\N	\N
tt1010211	nm2195076	nm2189105,nm0764522
tt10108866	nm3288727,nm6119929,nm15022986	nm0438471,nm3813965,nm1941818,nm8827833,nm8245357
tt10128340	\N	nm10536934
tt10129546	nm4540894,nm3288727,nm6119929,nm15022986,nm10377741	nm0438471,nm3813965,nm1941818,nm8827833,nm8245357
tt1014332	\N	\N
tt1015494	\N	\N
tt1016364	\N	\N
tt10184258	\N	\N
tt10187082	nm2392600	nm11377750
tt10187398	\N	\N
tt10207118	nm10631312	nm10327688,nm6421767,nm4029297,nm8059083
tt10207838	nm2042595	\N
tt10229378	\N	\N
tt10231064	nm9601092	nm9615017
tt10232744	\N	\N
tt10244298	\N	\N
tt10263454	\N	\N
tt10265314	\N	\N
tt10265762	nm0157137	nm0157137
tt10271844	nm0242409,nm0322503	nm0220152,nm0778606,nm0989955
tt10287030	nm0451128	nm8152506,nm8152507,nm0451128,nm8152504,nm8152505,nm8152508
tt10294590	nm10674967	\N
tt10294596	\N	nm1645231
tt10299732	nm0281983,nm0858624	nm1178323,nm0281983,nm0858624
tt10306496	nm0887279	nm7323423,nm5482227,nm2049476
tt10320454	nm1326819,nm1600838,nm1033415	nm1027724,nm1212786,nm2827872,nm3147114,nm2612157,nm0477499,nm0890812
tt10329458	nm2623713,nm0997723	nm11551729,nm2346233,nm2327068,nm8976305
tt10331548	nm6908650	nm5203198,nm7006227,nm6908651,nm9115585,nm9115586,nm9115584
tt10337880	nm10467649	nm10467674,nm9613334,nm9613333
tt10342744	nm10651585,nm8087666	\N
tt1035714	\N	\N
tt10360940	\N	\N
tt10364796	nm9750986,nm6833072	nm8042385,nm9957701
tt10365250	\N	\N
tt10367760	nm5563885,nm8787778,nm8213447	nm12010720,nm6515783,nm7189902
tt10367918	nm0453809,nm0488643	\N
tt10375652	nm0705249	nm0060783,nm3065185,nm3923381
tt1038279	\N	\N
tt10396564	nm3771559,nm14300532,nm7638155	nm5443466
tt10396810	nm6855655,nm2788669,nm3131807,nm8028646	nm1340699
tt10400096	\N	\N
tt10406310	nm9750986,nm6833072	nm8042385,nm9957701
tt10408554	nm5609600	nm3199951
tt10409108	nm7978618	nm7978618
tt10421824	nm1167927	\N
tt10429562	nm0700545,nm0737880,nm0752287	nm1368206,nm1644621
tt10447636	nm4978618	nm4978618
tt10448748	\N	\N
tt10477808	\N	nm11796832,nm1618225
tt10480702	nm0159012,nm0768939	nm0148223
tt10505186	nm7647456,nm3013993	nm7921716,nm1350765,nm7118506
tt10529832	nm10786732	nm8025726,nm10786732
tt10534384	\N	\N
tt10540094	nm9552091	nm9552091
tt10574926	nm5048772	\N
tt10579732	\N	nm5635806
tt1058243	nm1041792	nm1041858
tt1060083	\N	\N
tt10606982	\N	nm6970387
tt10608606	\N	\N
tt1061270	nm0808233	nm0447011
tt1062477	nm0691540	nm0068074,nm0808801,nm0068347,nm0068589
tt10638864	\N	\N
tt10647548	nm0414263,nm0726823	nm0892939
tt10647622	nm0414263,nm0726823	nm0892939
tt10650304	\N	\N
tt10656886	nm0475495	nm10831987
tt10665560	nm1856752	nm1856752
tt10680418	nm2029577	\N
tt10682492	\N	\N
tt10684194	nm0201927,nm10831796	\N
tt10686274	nm0408392	nm2137616
tt1069872	\N	\N
tt10699766	nm0201927,nm10831796	\N
tt10706466	nm10611627	nm10647377,nm5545554
tt10710762	nm0201927,nm10831796	\N
tt10723032	nm1516991	nm12010720,nm1994413
tt1072802	nm1833566	\N
tt10735992	\N	\N
tt10736236	nm9457744	nm9415547
tt10741306	nm10780914	nm10780914
tt10742024	\N	\N
tt10747368	nm5748883	\N
tt10747626	\N	\N
tt10761518	nm3203137	nm1644552,nm3203137,nm13336086
tt10767420	nm6790013	\N
tt10769744	\N	\N
tt10786656	\N	\N
tt10824156	\N	\N
tt1083499	nm1524646	nm0909529,nm0370942,nm1010971,nm1636639,nm1014167,nm0063686,nm0633202
tt10847396	nm7809044	nm10927214
tt10852262	nm1298152	\N
tt10866996	nm7809044	nm10927214
tt1087067	\N	nm1981836,nm2667533,nm2667668,nm2162735
tt10870834	nm2340918,nm1028283,nm1015431	nm1209109,nm1211016
tt1087526	nm0667393	nm1314611,nm0667393
tt1091975	nm2747547	\N
tt10929386	nm7386672	\N
tt10936262	nm5525354	nm5525354
tt10949996	nm2223412	\N
tt1096406	nm0024063,nm0576968,nm0637956	nm1764866,nm1059815,nm0139554,nm5399320,nm1757944,nm1758536,nm2043312
tt1097319	nm1147848	nm0112542
tt10986292	\N	\N
tt10994320	\N	\N
tt1099508	nm0773567	nm0517881
tt10995396	\N	\N
tt11002072	nm1310207,nm1201077	\N
tt11006180	nm0657019	nm1013053,nm1101200
tt11011898	\N	\N
tt11012576	\N	\N
tt11017840	nm9895736	\N
tt11028600	\N	\N
tt11039986	nm1258596	nm1295053
tt11049640	nm6013370	\N
tt11056202	\N	\N
tt1105917	\N	\N
tt11065702	\N	\N
tt11080820	nm5006177	nm1477550
tt11081376	\N	\N
tt11082812	nm9506110,nm4822825	nm10865868,nm8906185
tt11090936	\N	\N
tt11101386	\N	\N
tt11118778	nm8607404,nm10697369	\N
tt11123250	nm1145920	nm2838820,nm6340598,nm5774032
tt11126126	\N	\N
tt1113330	nm1114768	\N
tt1113456	nm0232902	nm0140717,nm0205070,nm0288997,nm0253630,nm1672171,nm0771627,nm0918826
tt1116898	\N	\N
tt1116918	nm0250625	nm0465168
tt11173716	\N	\N
tt11179594	nm1923042	nm7042156
tt11180012	nm11082568	nm11082568
tt11189812	nm7867157,nm15022986,nm15552917	nm7989777,nm7480673,nm4379163,nm4433772,nm13182952
tt11191168	nm10450634	nm10450634
tt11193744	nm0012516	nm0822983,nm0464175
tt11197442	nm0146068	\N
tt11206758	\N	\N
tt1121354	\N	nm4024028,nm2924648
tt11237110	nm10611644	nm11090815,nm13807131,nm11090816
tt11237878	nm3802888	\N
tt11241316	nm3878872	nm3878872,nm3886918,nm6272074
tt11244276	nm4128250,nm8599753,nm4187675,nm5154320	nm5206093,nm3235332
tt11250080	nm4128250,nm8599753,nm4187675,nm5154320	nm5206093,nm3235332
tt11251094	nm9380852	nm9380852
tt11253256	\N	\N
tt11254036	\N	\N
tt11264890	nm0184285,nm1161578,nm0520494,nm1137441	nm0488517
tt11274088	nm0501879	\N
tt11290896	nm4219739	nm11104439,nm11104438,nm8668166
tt11295348	\N	\N
tt1131190	\N	\N
tt11323302	nm7637479	nm7637479
tt11324964	nm1885888,nm1532250	nm1532250
tt11332962	\N	\N
tt11334976	nm3213427	nm11088737
tt11339044	nm11138475,nm10622967	nm11138477,nm8024751,nm5741821
tt11339092	\N	\N
tt11340514	nm1885888,nm1532250	nm1532250
tt11342298	\N	\N
tt11354692	\N	\N
tt11360036	nm11138475,nm10622967	nm11138477,nm8024751,nm5741821
tt11364848	nm5945682	nm5945682,nm10838149
tt11378474	nm9078036	nm1990616
tt11396080	nm2535425	\N
tt11398380	nm8869196	nm8869197,nm8869196
tt1141256	nm1732274	nm2836163,nm1732274
tt11413464	nm0617036,nm0887561	nm0555609
tt11436156	nm8850133	nm8850135,nm9041355
tt11441240	nm6984993,nm9098558	nm5186278,nm7080784
tt1144862	\N	\N
tt11460014	nm9078036	\N
tt11467946	nm11199897	nm10625615
tt11470616	nm10584969,nm10584992	nm10584969,nm10584992
tt11472098	\N	nm11327927,nm11202114
tt11472188	nm11202129	\N
tt11472878	nm0885482	nm10732988
tt11490020	nm2225920,nm2083582,nm0740869	nm2405419,nm2041936,nm2088149,nm2374804,nm2145570,nm1409626
tt1149091	nm2170894	\N
tt11501234	nm1423114	\N
tt11501478	nm5313007	nm11110497
tt11501714	nm11222633	nm11222633
tt11508120	\N	\N
tt11508846	nm6698657,nm11208736	nm9193205,nm10647353,nm6948776
tt1150983	nm0650568	nm1045385,nm0665002
tt11519850	nm1891662	nm0002718,nm0505522,nm3376444,nm3933675,nm9256329,nm7957671
tt11525098	\N	\N
tt11525980	\N	nm2839165
tt11526796	nm8467983,nm10922069	nm6352729
tt1152990	nm0297591,nm0182196	nm2084867,nm0553769,nm2043312
tt11548306	nm9240052	nm9240052
tt11555462	\N	nm11512577,nm11227046,nm1422099
tt11560850	nm10473592	nm10473592
tt11566554	nm4028954,nm2770647	nm4765440,nm3530207,nm3187410,nm9460113,nm4339821,nm2326976,nm5008338
tt11568952	\N	nm2377134
tt11572146	nm8467983,nm11013400	nm6352729
tt11576060	\N	\N
tt11578596	\N	nm2316587,nm7400418
tt11578878	nm2903076,nm8932411,nm14117597	nm4124363
tt11592042	nm6424767	nm11266765
tt11605876	nm9011244	nm1306746,nm3440352
tt1160790	nm2284484	nm0262002
tt11613180	\N	\N
tt11614968	\N	\N
tt11617034	nm10531216	nm10531216
tt11618692	nm6171985	nm6171985
tt11621832	\N	\N
tt11634840	\N	\N
tt11644630	nm0833191	\N
tt11648918	nm11272893	nm0464699,nm11272894
tt11653452	nm3137290,nm4406069	nm9009760,nm9223455,nm5607998,nm6265521
tt11659956	nm10922069	nm6352729
tt11660038	\N	\N
tt1166530	\N	\N
tt11667932	nm3821657	nm3821657
tt11668498	\N	\N
tt11675654	\N	nm10833712
tt1170535	nm0581591,nm0545563	nm0130865
tt11707182	nm11316025,nm11316024	nm11316025,nm11316024
tt11708436	\N	\N
tt11709194	\N	\N
tt11717268	nm3213427	nm3213427
tt11721372	nm5970972,nm3804112	nm7450290,nm5970972
tt11727398	nm5970972,nm3804112	nm7450290,nm5970972
tt11731926	nm11327340	\N
tt11772674	nm1268277	nm1268277
tt1178039	nm0510564,nm0033741	nm0431918,nm0199948,nm0181001,nm0909567
tt11782556	\N	nm6942826
tt1179495	\N	\N
tt1179617	nm2897904	nm0734466
tt1181934	nm1883583	nm1883583
tt11825354	nm7478784	nm8126550,nm5199994,nm6326609,nm5612873,nm3985704,nm7152406
tt11826870	\N	\N
tt11827084	\N	\N
tt11844944	\N	\N
tt11857312	nm5435989,nm5357214	nm5199994,nm10507251
tt11865560	nm3073463	nm3073463,nm11382154
tt11871820	nm3073463	\N
tt11875038	nm5558049	nm5558049
tt1187528	nm1442636	nm1869070,nm0270804,nm2982486
tt11886434	nm10252206	nm10252206,nm10252208,nm11392780
tt11888034	nm7478784	nm8126550,nm5199994,nm6326609,nm5612873,nm3985704,nm7152406
tt1188816	\N	\N
tt11888518	nm5382976	nm2708928
tt1191137	nm0175977	nm0175977
tt1191303	nm0561797	nm0462981
tt1192213	\N	\N
tt11925568	\N	nm6811798
tt11931838	nm0353170	nm1010628
tt11934594	\N	nm1348566,nm3446799
tt11941168	nm9678593,nm9678594	nm9678593,nm9678594
tt11949328	nm10089639	\N
tt11960866	nm5435989	nm7370686
tt11972226	nm1259204	nm8827506
tt11975178	\N	\N
tt11977734	nm9613486	nm11400830,nm11400831
tt11994384	nm1259204	nm8827506
tt12001120	\N	\N
tt12019390	nm3532802	\N
tt12021124	\N	\N
tt12023782	nm10828789	nm2345184,nm1791933
tt12024986	\N	\N
tt12042248	nm4038301,nm11451926	nm8623118,nm6889696,nm3403692
tt12045672	\N	\N
tt12065968	\N	\N
tt12071350	\N	\N
tt1208707	nm0945915	nm2961773
tt12090180	nm10611644	nm11090815
tt1210832	nm1530429,nm2215065	nm0002007,nm1209756,nm1967802,nm2978106
tt12123662	nm3213427	nm0838429
tt1213387	\N	\N
tt12140070	\N	\N
tt12140170	\N	\N
tt12142182	nm10681343	\N
tt12148650	nm3648355,nm2579550	nm11487512
tt12157626	\N	\N
tt12182702	nm0684647	\N
tt12192376	nm5163456	\N
tt12204454	\N	\N
tt12214076	nm0287566	nm0287566,nm2169050,nm1227914,nm1749095
tt12217524	nm0392250	\N
tt12224100	nm5262331,nm4596616	nm7141603,nm7141604
tt12245880	nm10428524	nm10428524
tt12253982	nm0287566	nm0287566,nm2169050,nm1227914,nm1749095
tt1227062	nm0110021,nm3163007,nm0190421,nm0627347	nm2133758,nm2084867,nm0553766,nm0553769,nm3162861
tt12273038	nm1992030	nm2288391
tt12273204	nm6060983	nm1067130,nm2809551,nm6768334
tt12275370	nm1054948	nm7716770,nm7159543
tt12290060	nm8100452	nm8100452
tt1229425	nm2126123	nm2126123,nm3003608
tt12318200	nm0635620	\N
tt1231895	nm0107757	\N
tt12320940	\N	\N
tt1232122	nm0265289	\N
tt12328064	\N	nm0023817,nm0171687,nm0745538,nm0208150
tt1233178	nm2291816	nm1826186,nm1715628
tt12377908	nm0235465,nm0475430	nm1879108,nm1876156
tt12381458	nm8922015,nm8084230,nm11547588	nm3123134,nm11519467
tt12390994	nm0235465,nm0475430	nm1879108,nm1876156
tt12407996	\N	nm0107625,nm0490705
tt12416056	\N	\N
tt12418516	nm3514859	\N
tt12419956	\N	nm6179964,nm9039606
tt1242755	nm0412541	nm0856804,nm0645256,nm3021062
tt12430596	nm0235465,nm0475430	nm1879108,nm1876156
tt12453274	\N	\N
tt12454782	nm5188164,nm2138692,nm4468535	\N
tt12482236	nm5237351	nm11533774
tt12486618	\N	nm0805748,nm0892939
tt12504984	\N	\N
tt12507342	nm0600353	nm0934807
tt12510648	\N	\N
tt12519766	nm10625682	\N
tt12536140	nm11262114	\N
tt12537772	\N	\N
tt1253851	nm3059149,nm3059841	nm3059841,nm3059149
tt12543346	nm9752057	\N
tt12563570	nm7665273	\N
tt12569794	\N	nm0805748,nm0892939
tt12575580	nm11656647	\N
tt12576696	\N	nm7914485
tt12577160	\N	\N
tt12583694	\N	\N
tt12599636	nm3683970	nm3683970
tt12612718	\N	\N
tt12623204	nm1618147	nm0000041,nm0838572
tt1262717	nm0068007	nm0164983
tt12627962	nm5727175	nm11501930
tt12640130	nm11504124,nm11504125	nm11504134
tt12655620	\N	\N
tt12662200	nm0038893	nm0271078,nm9088866
tt12667744	\N	\N
tt1268943	nm1190075	\N
tt12700098	nm4588538	nm11733566,nm4588538
tt12700230	nm3014599	\N
tt12711750	nm11133131	nm10267387
tt12724130	nm6387924	nm1859371
tt12738918	\N	\N
tt12757246	\N	\N
tt12765998	nm11573615	nm11573619,nm8561882,nm3606397
tt12766194	\N	nm5776114
tt12777382	nm11616334,nm8266563	\N
tt12789634	\N	\N
tt12795910	nm11482693	nm11482704,nm11482702
tt12796590	nm9083219	nm1001877
tt12799396	nm9391365,nm4333861	nm11775170,nm5170780,nm11775169
tt12802562	\N	\N
tt12806728	\N	\N
tt12809096	nm11221869	nm11482205
tt1282741	\N	\N
tt12827784	\N	nm0934807
tt1284490	\N	\N
tt12857780	nm11573048,nm11573049	\N
tt12860592	\N	\N
tt12887928	nm0126714	nm0126714
tt12896256	nm11517652	nm7042156
tt12916082	nm1256362,nm1748959	nm1256362,nm0095564,nm1748959,nm0000191
tt12954518	nm1230149	\N
tt12962632	\N	nm0068589,nm0068347,nm1003798
tt12966250	\N	nm7866825
tt12969358	nm5220538,nm8954266	nm5220538
tt12975500	nm11879880	nm0111793,nm0199654,nm0617226
tt1299128	nm0677953	nm0335411,nm0152501,nm0426269,nm0294449
tt12992742	\N	\N
tt12995204	nm11536830	nm11536830
tt13012798	\N	\N
tt13019634	nm0440006,nm1709205,nm1207206,nm3320845,nm0844288	nm0440006,nm10802731,nm0633313,nm1818236,nm10802730
tt13020624	nm11514926	nm11517540,nm11536880,nm7042156
tt13029340	\N	\N
tt13041332	nm7131329	nm11534017
tt13042414	nm11536874	nm11517540,nm11536880,nm7042156
tt13047526	nm11536450	nm11536451
tt13088868	nm11871338	nm2544929,nm11871337
tt13097972	nm10619351	nm3527272,nm10619352,nm1006323
tt1310463	\N	\N
tt13127992	nm11537131	nm11537139,nm11482205
tt13132534	nm11894891	\N
tt13132834	nm11057879	nm11537139,nm11482205
tt1315117	\N	\N
tt13157922	nm11504324	nm11553884,nm11539291,nm11517540,nm11553883,nm11553882,nm11118789,nm11553885,nm11553881
tt13159968	\N	\N
tt13164054	nm11316009	nm11553884,nm11539291,nm11517540,nm11553883,nm11553882,nm11118789,nm11553885,nm11553881
tt13165212	\N	\N
tt13177270	\N	\N
tt13183572	\N	\N
tt1318506	nm1029077	nm0782297
tt13194640	\N	\N
tt13212492	\N	\N
tt1321646	nm0350041	nm0827767,nm0744929,nm0866061,nm0988763
tt13219084	nm2129073	nm2129073
tt13220160	nm8347215	\N
tt13220640	\N	\N
tt13230760	\N	\N
tt13243362	\N	\N
tt13262628	\N	\N
tt13284100	\N	\N
tt13285428	\N	\N
tt1329077	nm0411958	nm2433843,nm1959451
tt1329893	nm2019852	\N
tt1330452	nm0107757	\N
tt1331461	nm0642738	\N
tt13317296	nm11999160	nm11999160
tt13332148	nm8828298	nm8828298,nm9105471
tt13350024	nm12013877	nm4936891,nm12013877,nm4338974
tt13357488	nm7052969	nm7052969,nm7052970
tt1335954	\N	\N
tt13363312	\N	\N
tt13373270	\N	\N
tt13376318	\N	\N
tt13381608	nm5507776	nm5507776
tt13386662	\N	nm6179964,nm9039606
tt13397810	\N	\N
tt13429214	\N	\N
tt13436942	\N	\N
tt13441322	\N	\N
tt13460498	nm0309116,nm1270012,nm1709235	nm11568033,nm3699009,nm1487035,nm0503317,nm9644363,nm2681990,nm1395037,nm3814074,nm1476014
tt1346433	nm0048514	nm0912726,nm0245244
tt13472210	nm5090855,nm5043436	nm3542945
tt13472494	\N	\N
tt13474948	\N	\N
tt1348733	nm0150349	nm0090427
tt13502464	\N	\N
tt13520530	\N	\N
tt13521526	nm9454850	nm9561142,nm9454850
tt13542688	\N	\N
tt1355033	\N	nm1772786
tt13552398	nm3127702	nm2771337
tt13558608	\N	nm0672094
tt1356799	nm0409526	nm0409526,nm2556327
tt13581284	nm3019537	nm3019537
tt13585856	\N	\N
tt13592560	\N	nm0222034
tt13600336	\N	\N
tt13601430	\N	\N
tt13602630	\N	nm0915961
tt13604720	\N	\N
tt13605742	\N	\N
tt1361171	nm1280938	nm1280938
tt13648226	\N	nm12093456
tt13654262	\N	\N
tt1365706	nm1227522	\N
tt1365937	\N	nm0865521
tt13659418	nm0318916,nm1128572,nm0394586,nm4227232	nm1544840,nm4237558,nm10140423,nm1557909,nm0222584,nm6530238,nm6311892
tt13659712	nm3551424	nm12154137
tt13666116	\N	\N
tt13667788	nm1376286,nm0959664	nm1440720,nm1410260,nm0265776,nm0754586
tt1366959	nm3301592	nm3301592
tt1367555	nm0370749	nm0275255,nm0731679
tt13677184	nm1659256	nm1659256
tt13677978	\N	\N
tt13679672	\N	\N
tt13710338	nm10430245	nm10430245
tt13730708	\N	nm0329374
tt13741972	\N	\N
tt13750396	nm1402433	\N
tt13789606	nm12209145	nm12209146
tt13794074	\N	\N
tt13796354	nm8059497	nm11700799
tt1380462	\N	nm3141981,nm1150683,nm3142519
tt1380894	nm0100880	nm0100880
tt13811172	nm1338259	nm11574083,nm5540050,nm5548070,nm3042473
tt13819318	\N	\N
tt13828762	\N	\N
tt13851354	\N	\N
tt1385522	nm0470478	\N
tt13866272	\N	\N
tt13879778	nm1257235,nm4936185	\N
tt13892122	\N	\N
tt13908440	\N	nm5042664
tt13933568	nm11673608	nm10647720
tt13934804	\N	nm2404015
tt13938854	nm4909251	\N
tt13946032	nm1079768	nm12256064,nm12256061,nm12256062,nm12256060,nm12256063,nm12256065
tt13949248	nm3290818	nm3290818
tt13960772	\N	nm1467881,nm1191160
tt13971934	\N	\N
tt13975530	\N	nm2404015
tt14008714	\N	\N
tt14015264	nm8380113	nm8380113
tt14017196	\N	\N
tt14018428	nm5732330	\N
tt14041622	\N	\N
tt14071720	nm9751142	nm9751142
tt14081292	\N	\N
tt14096532	\N	\N
tt14117424	nm0014160	\N
tt14132450	nm10269617	nm4967009
tt14132636	nm8467983	nm6352729
tt14139080	nm4560139	nm2731474,nm0777300,nm1335634,nm0788616,nm0788503,nm0411448,nm3539423,nm4128725,nm2063335,nm7198478
tt14139120	nm0080315	nm0212544,nm1199935
tt14141836	\N	nm0929506
tt1415454	nm3293141	\N
tt14180908	\N	\N
tt14181386	\N	\N
tt14182570	nm0014152	nm0014152
tt14197648	nm5236281,nm5239804	nm5239844
tt1419916	nm0244864	\N
tt14204622	nm0038021	nm11308400,nm11308401
tt1420609	nm0766166,nm0955297	\N
tt14234192	nm9844865	nm6114216,nm10189547,nm10283735
tt14244806	\N	\N
tt1425236	nm1175710	nm3427849,nm1175710
tt1425330	nm0405625,nm3226810	\N
tt14280972	\N	\N
tt14301388	nm0994509	\N
tt14315926	nm0346697,nm0613587,nm0785164,nm0234744,nm0970429	nm0823536,nm1924009,nm1896347,nm1761153,nm0381419,nm4635181,nm4871389,nm1752018,nm10177925,nm3524334,nm4361879,nm3615393,nm14123910,nm5518785,nm9294623,nm0882894,nm6237568,nm8431965
tt1431733	nm1401956	nm0658049
tt14331240	nm15328876	\N
tt14339490	nm12385235	nm6352729,nm11884798
tt14339894	\N	\N
tt14358744	nm4443369	nm12387777
tt14367394	nm11668449	nm7370686
tt14378688	nm0122222	\N
tt14397412	\N	\N
tt14431246	nm1931342	nm1931342
tt1443693	\N	nm3238612,nm3178130
tt14455998	nm12419891,nm12419890	nm12419889,nm11308400,nm11090816
tt14474474	\N	\N
tt14475282	\N	\N
tt14475842	nm12497460	\N
tt14477998	nm0372055	nm0372055
tt14483046	nm0779391,nm1401737,nm2489917	nm0819225,nm1545970,nm5218515,nm3499799,nm0746811,nm3155238
tt1448400	nm1678926	\N
tt14510098	nm4626040	nm0158242,nm4626040
tt14521094	\N	\N
tt14527896	nm12520010	nm12520010,nm2590575
tt14554758	nm11673674	\N
tt14570766	\N	\N
tt14590272	\N	\N
tt14594170	nm2639493	nm12456469
tt14631314	\N	\N
tt14650496	nm12573660	nm12573660
tt1466511	nm1042671	nm1042671
tt14665814	nm9751528	nm6176763,nm7301844
tt14678666	nm12139417,nm10410213	nm2346665
tt14682726	\N	\N
tt1468455	nm0795095	nm0275470,nm0912726,nm1839448
tt14711192	nm12497754,nm14249852,nm2718412	nm12497755
tt1471197	nm2845534	nm2845534
tt14712394	nm10660150	nm3874135
tt14718364	nm11539285	nm11539292,nm11539291,nm2007993
tt14743792	\N	nm12587208
tt14752846	\N	\N
tt14771664	\N	\N
tt14776850	nm10091864	\N
tt14784774	nm8779862	\N
tt14784954	nm3551333	\N
tt14795478	nm10245015	nm12632221,nm11118789,nm5654687
tt1479924	\N	nm1089476,nm0453994,nm1200564
tt14810848	\N	\N
tt14816360	nm10091864	\N
tt14817940	nm1015630	\N
tt14835258	nm12609980	nm11722705
tt14842596	nm11616378	nm1001243
tt14844940	nm12660229	nm12660229
tt1484529	\N	\N
tt14848496	\N	\N
tt14858212	\N	nm1144732
tt14858940	\N	\N
tt1486888	nm0754503	nm13718991,nm1437892,nm1729270,nm2461181,nm2463809
tt14874604	nm0707285	nm2036862,nm10711955
tt1488928	nm0125482	nm1179475
tt14889616	nm7920316	nm7920316
tt14891502	\N	nm0416694
tt14895530	nm3445766,nm3444958	nm3446173,nm3444958
tt14906726	\N	\N
tt14909498	\N	\N
tt14910462	nm2212268	nm8798545
tt1491741	\N	nm0057538,nm0782081
tt14923736	\N	\N
tt14925334	nm9506110	nm10865868,nm12629431
tt14925482	nm2720593	nm0333421
tt14930528	nm2212268	nm8798545
tt1493689	nm0107757	\N
tt1493835	nm3197294	nm2739871,nm3197294
tt14942496	nm0862111	nm0079560,nm0381915
tt14942510	nm8187293	\N
tt1494355	nm0107757	\N
tt14957906	nm8437061	nm12654716
tt14965656	\N	\N
tt14986704	\N	\N
tt14986792	\N	\N
tt14990762	nm8301821	\N
tt1500724	nm3620919	nm3620919
tt15008278	nm1130096	nm2591398
tt15019442	nm1130096	nm2591398
tt15019704	nm1130096	nm2591398
tt1502049	\N	\N
tt15023780	nm0100327,nm2019950,nm1681866,nm1966844	nm0776433,nm13697955,nm5243235,nm7636291,nm0301719,nm0100327,nm3353437,nm7110386,nm1230805,nm13648338,nm4224910
tt15037768	nm2212268	nm8798545
tt15038488	nm12742500	nm12742500
tt15044850	nm1130096	nm2591398
tt15048076	nm12758772	nm12758772
tt15063488	nm2407536,nm2155730	nm0032643,nm6565923,nm12728169,nm2410457,nm12728245
tt15066684	\N	\N
tt15086060	nm1637400	nm10039160
tt15088058	nm2407536,nm2155730	nm0032643,nm6565923,nm12728169,nm2410457,nm12728245
tt1509644	\N	\N
tt15098828	nm3274526	nm6249106,nm0542498,nm3642592
tt15101378	nm8669102	nm8669102
tt15106438	\N	nm0128851,nm0760848
tt15111680	\N	\N
tt15112514	\N	\N
tt15119530	\N	nm9843081,nm10532915
tt15119538	nm2994572	nm12791319
tt1511988	\N	\N
tt1513087	nm2022694	nm2966614,nm2022694
tt15138452	\N	\N
tt15146380	nm11624298	\N
tt15154580	nm3890560	nm3890560
tt15154614	\N	\N
tt15162292	\N	\N
tt15167044	nm12766418	nm12766418
tt15168378	\N	nm0933675
tt15169418	nm12380167	nm12380167,nm12815926
tt1517770	nm1743387	nm1743387
tt15179188	nm1760829	\N
tt1517964	\N	\N
tt15181452	nm12822529	\N
tt1518532	\N	\N
tt15187776	nm0552401	nm0830419,nm2893798
tt1521376	\N	\N
tt1521970	\N	\N
tt1522650	\N	\N
tt15236496	nm10730102	nm10730102,nm3826010
tt15242610	nm0207173	nm0207173,nm0325906
tt15248646	nm0201927,nm10831796	\N
tt15257890	nm1347346	nm12854054
tt15265056	\N	\N
tt1526636	nm0106920	nm0106920
tt15283510	nm12791265	\N
tt15287010	nm1354975	\N
tt15295786	nm1777904	nm1602204
tt15305578	nm9721867,nm9818935	nm0438089,nm3582409,nm10453080
tt15316688	nm2431707,nm0451835	nm3365432,nm9693616,nm10692779,nm8626929,nm0659238
tt15317718	nm12791265	\N
tt15323222	nm11467484	nm5704133,nm9957701,nm12330168
tt15325712	\N	\N
tt15330874	\N	\N
tt15332576	\N	\N
tt15335780	nm11482292,nm8375204	nm8444814,nm11501862
tt15336380	nm5013061,nm6119929	nm10024986,nm7734003,nm3118214
tt15337996	\N	\N
tt15344712	nm12601488	nm12601487,nm12601486
tt15360348	nm3632964	nm6345135,nm11018087,nm5104837,nm2527057,nm0283905,nm11200030,nm6345142,nm7493921
tt1536075	nm3665775	\N
tt15373296	\N	\N
tt1538470	nm1083607	nm3668508
tt15392502	nm0607928,nm0923935	nm0095757,nm0006396,nm0932096,nm1638492,nm1471191,nm12920824,nm0798801,nm0800858,nm0801703
tt15392676	\N	\N
tt15413760	nm1203430,nm1760906	nm1293867,nm1258300
tt15420648	\N	\N
tt1542105	\N	\N
tt15428648	\N	\N
tt15446220	\N	nm12947201,nm8877437,nm8877436,nm11159808,nm8877433
tt15446250	nm12849099	nm12849099
tt15450122	nm7599111	nm9942809,nm5744244,nm12307498,nm7414847,nm11264438
tt15465850	nm0202516	nm2414113,nm3537396,nm7976248,nm5322018,nm5670417,nm2891978
tt15475710	\N	\N
tt1548128	nm2965184	\N
tt15496846	\N	nm1250983
tt15510836	nm2575667,nm0891919	nm7774676,nm1513166,nm1522348,nm1940343,nm2540500,nm1942422
tt15514474	nm8004440	\N
tt15524976	nm5262331,nm4596616	nm7141603,nm3439968,nm7141604
tt1553941	nm3533842	nm3533842
tt15540270	\N	\N
tt15545512	\N	\N
tt15552710	nm7652418	nm6724324
tt15557952	\N	\N
tt1556027	nm3704397	\N
tt15571504	\N	\N
tt1566154	nm0132253,nm0674439	nm0230995,nm1313440,nm1367340
tt1566721	nm0842611	nm0996410,nm0479525,nm0485374,nm1012917,nm1301702
tt15674148	nm0568019	\N
tt15675530	nm5262331	nm12950608,nm12950610,nm12950607,nm5262331,nm12950609,nm11578254
tt15684942	nm9209817	nm1145617
tt15691742	nm1729216	nm10802506,nm4591419,nm8152577,nm8152595,nm5043370
tt15694830	nm5262331	nm12950608,nm12950610,nm12950607,nm5262331,nm12950609,nm11578254
tt15696250	nm10358030	nm10357998
tt15742682	\N	nm0177672
tt15762502	nm2544856	nm4701016,nm0236512,nm5858172,nm1529580
tt15779904	nm2544856	nm4701016,nm0236512,nm5858172,nm1529580
tt15788878	nm2544856	nm4701016,nm0236512,nm5858172,nm1529580
tt15798392	nm0548419	nm0316841,nm0536969,nm0548419,nm2595823
tt1580583	\N	\N
tt15821916	nm2544856	nm4701016,nm0236512,nm5858172,nm1529580
tt15823262	\N	\N
tt15831266	\N	nm12406532,nm13057652,nm11809161
tt15842158	nm5747318	\N
tt15856888	\N	\N
tt1586537	nm3433940	nm3768438,nm3433940
tt15875766	\N	\N
tt15909146	\N	\N
tt1592495	\N	\N
tt16006990	\N	\N
tt1600953	nm3762564	nm0123447,nm0912726,nm1580046,nm1839448
tt16046850	nm2544856	nm4701016,nm0236512,nm5858172,nm1529580
tt16074080	nm11755322	\N
tt1609576	nm0243455	nm0215444,nm1532678
tt1609623	nm0240988	\N
tt1611490	\N	\N
tt1611918	nm3626366,nm1267005	nm3626366
tt1612730	\N	\N
tt16161978	\N	nm12255209,nm12255208,nm12260211,nm13129800,nm12083386,nm13129799
tt1617383	nm0366709	nm3793183
tt1619671	\N	\N
tt16223522	nm13083853	nm1099849
tt1624605	nm1760789	nm3195326,nm1789509,nm0618084,nm1847969,nm5902840
tt1626260	nm1219504	nm1012154,nm1836368,nm1409219,nm2216743,nm2266623
tt1627341	nm0959034	nm0589429,nm0102122,nm0341069,nm0012167
tt16293182	\N	nm2745896,nm0658855,nm0133048,nm0181020,nm0181019
tt16301184	nm1915499,nm0766218	nm0948410
tt16311360	nm7098943	nm4416273,nm7098943
tt16317860	\N	nm0068589,nm0996693,nm2707402,nm0680460,nm0792404
tt16326656	\N	\N
tt1633082	\N	\N
tt16339518	\N	\N
tt1637328	nm3656924	nm3656924
tt16388334	nm0944760	nm0297735,nm1049100,nm0875312,nm0945517,nm1250332,nm5472472
tt16405784	nm2934176	nm4867625,nm5431216,nm1135214,nm2139004
tt16412760	nm2702418	nm10740353,nm6170458
tt16418050	\N	\N
tt16420428	\N	\N
tt16463404	\N	nm2991402,nm3744564,nm4827115,nm2583953,nm2992331
tt16493270	\N	\N
tt1654279	nm0261103,nm3905322	\N
tt1660376	nm3929537	\N
tt16604136	nm13220986	\N
tt1663447	nm1185864	nm1405825,nm0480782,nm2478851
tt1663943	nm0445377	nm3933193,nm0445377,nm3926536
tt1665160	\N	nm1891479
tt16731156	\N	\N
tt1673155	nm0129574	nm0806912,nm0127373,nm5877803,nm0330462,nm0564664,nm0005277,nm0644022,nm0721675,nm0725200,nm0821786
tt16741308	\N	\N
tt16745908	\N	\N
tt16755304	nm0705560	nm13228686,nm1552211
tt1675905	\N	nm0717622
tt16815228	nm1203430	nm1203430
tt1683363	nm1729231	\N
tt16959918	\N	\N
tt1697165	\N	nm0717622
tt16993410	nm1203430	nm1203430
tt17005572	\N	nm8839728
tt17009418	nm13312449,nm13312448	\N
tt1701029	nm0850633	nm1602500,nm0853112
tt1703352	\N	\N
tt17037216	\N	\N
tt17040428	nm0842611	nm0996410,nm0479525,nm1012917
tt17066606	\N	nm1623493
tt17077624	\N	nm0026153,nm1434523,nm1436816,nm12372910
tt1710515	nm1001016	nm1001016
tt1714118	nm2620134	\N
tt17153622	\N	nm0026153,nm1434523,nm1436816,nm12372910
tt17156146	nm1869569	\N
tt1716824	nm2301973	nm3364521,nm3367843
tt17174910	nm0998825	nm5842825,nm0199948,nm1474425,nm7870269,nm2554244,nm12507806
tt1718253	\N	nm0626958
tt1718311	\N	\N
tt1723553	\N	\N
tt17276746	\N	nm0026153,nm1434523,nm1436816,nm12372910
tt1728890	\N	nm2251709
tt17319052	nm13220986	\N
tt17336840	\N	\N
tt1733748	\N	nm0420346,nm0878942
tt1734288	\N	\N
tt17348802	\N	\N
tt1736080	\N	\N
tt1737366	\N	nm14125886
tt1738187	\N	\N
tt1740705	nm4119484	nm1952185
tt1744508	\N	\N
tt17487476	nm12340053	\N
tt1749531	nm2218536	nm0693943,nm0808850,nm0390852
tt17516146	nm7931479,nm13295635	\N
tt17525950	nm4489288	nm4489288
tt1753642	nm4127272	nm4127272
tt17539304	nm11202129	nm11857323,nm11857324,nm11857321,nm11857322
tt17646708	\N	\N
tt17663448	\N	nm0508785,nm4776746,nm5233970
tt17676818	nm0068124,nm0928058	\N
tt1768404	\N	\N
tt17686596	\N	\N
tt1774340	nm4177239	nm4194552,nm4177239
tt1780011	\N	\N
tt1784261	\N	\N
tt17890446	nm0784611	nm0784611
tt1789563	\N	nm0567134
tt18079632	\N	nm1731690
tt18082564	nm6004756	\N
tt18096582	nm0258405	nm0217648,nm9477614,nm7284436
tt1811803	\N	\N
tt1822857	nm0190853,nm2155730	nm0889768,nm2109307,nm4079981
tt18229976	\N	nm0508785,nm4776746,nm5233970
tt18245486	nm5321901	nm5321901
tt1824919	nm4281314	nm4281314
tt18252676	\N	nm9396947
tt18257696	nm4972415	nm6417570,nm6160354,nm4972415,nm6251461
tt1826257	nm0800801	\N
tt1827540	nm4188474	nm4188474,nm4288829
tt1828199	nm4289724,nm2765553	nm4289724
tt18285924	\N	\N
tt18291080	\N	\N
tt18296160	nm13422363	nm13422363
tt18328124	\N	\N
tt18336736	\N	nm5042664
tt18339386	nm11701081	nm11670613
tt18351884	\N	\N
tt18363308	\N	\N
tt18378356	nm13451580,nm13451581	\N
tt1841655	nm3597191,nm3602050	nm3597191,nm3602050
tt18443746	\N	\N
tt1850316	nm0191173	nm1064673,nm1639473,nm2253549,nm1410980,nm2271549,nm2279681,nm0951797
tt18544070	nm13410198	\N
tt18564002	\N	nm4050266
tt18571550	\N	\N
tt1866364	nm3816023	nm3440485,nm2051304,nm4333587
tt1866433	\N	\N
tt18749408	\N	\N
tt18750628	nm4819433	nm3719269,nm6379515,nm4733610,nm3628491,nm4785075
tt18751994	\N	\N
tt1877990	nm3809533	nm3809533
tt1884383	nm4406712	\N
tt1889975	nm0602137	nm0833715
tt18925352	\N	\N
tt18926854	nm4610136	\N
tt18939048	\N	nm3180776,nm1098947
tt18948370	nm13495172,nm13495173	nm13495175
tt18949080	nm13469715	nm13469716
tt18950428	\N	\N
tt1898029	\N	nm2679707
tt19037352	\N	\N
tt19042944	nm6192936	nm6192936
tt19043582	nm3111796,nm10525362	\N
tt1906188	nm0888966	nm0887709,nm1041838
tt1913945	\N	nm0719040
tt1915576	nm4440203	nm4440203
tt1915722	\N	\N
tt1919183	nm3410790	nm3410790,nm4381770
tt1919717	\N	\N
tt1926338	nm4450318	nm4450318
tt19266714	\N	\N
tt19352018	nm1856701	\N
tt19355408	nm13301221	nm12654247,nm10436376
tt19357638	\N	\N
tt19362570	\N	\N
tt19382592	\N	nm5372000
tt19400822	\N	\N
tt19400828	nm1409127	nm1271987,nm1667629,nm4390665,nm3089072,nm1956179,nm1335533
tt19402946	nm0342300	nm0681309,nm13556560
tt1946842	\N	\N
tt1952079	\N	\N
tt1953389	\N	\N
tt1954818	nm3354020	nm3694107
tt1960677	nm0464296	nm0578940,nm0914844
tt1961910	\N	\N
tt19632890	nm14506771,nm8932411	nm9356186,nm4614038,nm9925322,nm1939626,nm1941818
tt19638270	\N	nm1344053
tt19671026	nm3274526	nm13054580,nm6352729,nm6668295,nm13054581
tt1969764	\N	\N
tt19716138	\N	\N
tt19723750	nm1409127	nm1271987,nm1667629,nm4390665,nm3089072,nm1956179,nm1335533
tt1972579	nm3554616	nm3554616
tt19727142	nm0514684	nm2512037
tt1979260	nm4528325	nm4528325
tt1980271	nm2522605	nm2522605
tt1984865	nm0385341,nm0403774,nm0049914,nm0130800,nm0164528,nm1942552,nm0907484,nm0911599	nm0122560,nm0421043,nm0532247,nm0550971,nm0578859,nm0877720,nm0911599
tt19849384	nm13608725	nm9155691
tt19867632	nm10611644	\N
tt1991720	\N	\N
tt1998270	nm3236219	\N
tt1998371	nm3860271,nm4648691	nm3860271,nm4648691
tt2000737	nm1860627	\N
tt20011016	nm3278735	nm2708928
tt2004995	\N	\N
tt2009440	nm4641587	nm4641587,nm4647263
tt20119594	\N	\N
tt20157404	nm5236281,nm5239804	nm5239844
tt2017421	nm0141225	\N
tt2021354	\N	\N
tt20214664	nm2566383	\N
tt20220924	nm5725541	\N
tt20224826	nm2546844	nm2546844
tt20227754	nm13411502,nm6646722	nm6114216,nm8332126
tt20257892	\N	\N
tt2029591	\N	\N
tt20412454	\N	\N
tt20421738	nm11118790	nm8929638,nm11600639,nm7032762,nm11598178
tt20424818	nm2050328	\N
tt20427398	nm6666817	nm13679475
tt20446680	\N	nm11304387,nm11087652
tt2046610	nm3413554	\N
tt2047063	nm3471370	\N
tt2048356	\N	\N
tt20503428	nm10582989,nm13673028,nm8353512	nm12501317
tt2051967	nm2592706	nm4411189
tt2052611	nm1856804	\N
tt2058030	nm4671607	nm4671607
tt20596850	\N	\N
tt20598470	nm9462248	nm12607914,nm4395808,nm11118786,nm10020704,nm8457565,nm11359890
tt20601916	\N	nm13141748
tt20633354	nm4252974	\N
tt2067187	nm1509566	\N
tt2068945	\N	\N
tt2071465	nm0467726,nm0917934	nm0467726,nm0917934
tt20720580	\N	\N
tt20781684	nm0479313,nm1207262,nm0617352,nm2775698	nm10359475,nm4479381,nm8814850,nm9381391,nm1900760,nm8238119,nm9653851
tt2078228	nm1713272	\N
tt20835126	nm1380454	nm6383787,nm5308681
tt20852584	nm3886808	nm3886808
tt20854606	\N	\N
tt20868748	nm1083609,nm1550118	nm1583604,nm0609436,nm1081980,nm1583698,nm1568337,nm1568348,nm1433138,nm0904436
tt20878230	\N	\N
tt20880494	\N	\N
tt2088586	nm1834600	\N
tt2088811	nm1818398	nm1818398
tt2090431	nm2742321,nm3232321	nm2742321
tt2095780	nm3990348	nm4744618
tt2097722	\N	nm1149752
tt2097871	nm1385330	nm1008497
tt21028984	nm13748198	nm13748203,nm13748202,nm13748199,nm13748201,nm13748200
tt21058618	nm1500860	nm13763206,nm1500860
tt21081790	\N	\N
tt21082232	nm12417588	nm12417587,nm9343592
tt21097062	nm13778995	nm5499685,nm13778995
tt21105710	nm2120491	nm2792470,nm1761004,nm1757944,nm0234335,nm2982486
tt21108516	nm12908174,nm3582934	nm6427250,nm9142902,nm1242272,nm10512211
tt21113106	nm1245286	nm3716161,nm1362937,nm5670417
tt21141066	nm6372848	nm6372848
tt21148366	nm2431707	\N
tt21154128	nm2201053	nm1590372,nm12722556
tt21155786	nm13740716	nm13796547
tt21156940	nm5759718	nm3628491
tt21197030	nm1805411	nm1769951
tt21206348	nm13815500	nm13815500
tt21211192	\N	\N
tt21211984	nm15191411	nm3960993,nm5417792,nm1520918,nm1394917
tt2121307	nm0893873	nm4788462,nm0893873
tt21214178	nm11976248,nm7477059	nm13417491
tt21231460	nm5236446	\N
tt2123973	nm4755029	nm4755029
tt21251428	\N	nm8201554,nm5591650,nm8896200,nm8201545,nm9895970,nm12978203,nm2182846,nm10284107,nm9895955
tt21267874	nm0555609	nm0555609
tt21287202	\N	\N
tt21308414	\N	\N
tt2134382	nm0236103	nm1136041
tt21355086	\N	\N
tt2135936	\N	\N
tt21385460	nm13322874,nm13887386	nm13322874
tt21397918	\N	\N
tt21400872	\N	nm1154937,nm13827624,nm0889375
tt21406280	nm9078036	\N
tt2142937	nm4818880	nm4818880
tt21431948	nm0422357	nm1628335
tt2145358	nm3693628	\N
tt21506568	\N	\N
tt21611692	\N	\N
tt21624714	\N	\N
tt21629672	nm9957695	nm9957701
tt21635238	nm1436042,nm6228269	nm4387623,nm1005420
tt2168970	\N	nm1633356
tt2172251	\N	nm1764722,nm1275185,nm3833084,nm0997477,nm0614737,nm1242864
tt21737208	\N	\N
tt2174658	nm0514908	nm0514908
tt21761094	\N	\N
tt2178281	nm4416167	nm4414750,nm4791685,nm4416167
tt21793158	nm2296721,nm2244467,nm1765043,nm0703122	nm3053362,nm5093119,nm4263577,nm2792470,nm4082709,nm0722815,nm5313165,nm2992331
tt21797430	nm13935449	nm4838919,nm5932258
tt21806184	nm6930272,nm5563885,nm8213447,nm6119929	nm10024986,nm13945397,nm6929774,nm7189902
tt2180974	nm0004597	nm0773759,nm1003810
tt21811386	nm10324910	nm10324910
tt2181787	nm4853443,nm4618770	\N
tt2184444	\N	\N
tt2189591	\N	nm1513910,nm2299043
tt21915930	\N	nm13984877,nm13984878
tt2192482	\N	\N
tt21963824	\N	nm0948679
tt2197052	nm3236527	nm3236527
tt21973170	nm0592803	nm1398739,nm0786034
tt21978492	nm2431707	nm3138921,nm8626929
tt21992428	\N	\N
tt22006838	nm1703633	nm1703633
tt22009470	nm11500629	nm7042156
tt22025476	nm0738722	nm0738722
tt2203305	\N	\N
tt22037752	\N	\N
tt2204072	\N	nm5101654
tt2205434	\N	\N
tt22081052	\N	\N
tt2208917	nm2257277,nm2029143	nm0969906
tt2210788	\N	\N
tt22164564	nm2189713	nm5054168,nm2719116,nm4011753
tt22186718	\N	\N
tt2218839	nm1951120	\N
tt2219336	nm0076227	\N
tt22206770	nm9364330	nm12322636
tt22235576	\N	nm1068533,nm1002592,nm1068836,nm0347435,nm0720054
tt2223818	nm5009885	nm5009885
tt2227518	nm0141225	\N
tt22302756	\N	\N
tt2238440	nm0379458	\N
tt22462554	\N	nm1068533,nm1002592,nm1068836,nm0347435,nm0720054
tt22466196	\N	\N
tt22467608	nm8213254	nm7103402,nm11765590,nm9171689,nm6419756,nm8571179
tt22467728	\N	\N
tt2247755	\N	\N
tt22501420	nm0738557	\N
tt22526898	nm1856795	nm1856795
tt2253761	\N	\N
tt2254518	nm1172261	nm0326834
tt2261406	nm0565214	\N
tt2262813	\N	\N
tt2263415	\N	nm3297125
tt22641338	nm1009626	\N
tt2267008	nm1020248,nm2175187	\N
tt2268910	\N	\N
tt2271562	nm0587413	nm1090957
tt2272693	\N	\N
tt22748872	\N	\N
tt22768322	nm0431918	nm0073688,nm3710142,nm0431918,nm4024470
tt22807738	\N	nm5360563,nm10688741,nm12175321,nm7141603,nm11684850,nm14139332,nm14139331
tt2287766	\N	\N
tt22899710	\N	nm0633202
tt22931568	nm1375185,nm0579489	nm0194551,nm4294886
tt2296056	\N	nm3841967
tt2296921	nm4944832	\N
tt2297781	nm1295404	nm2038068,nm3384285,nm0470089,nm4318898,nm4265986,nm4265220
tt2297995	\N	\N
tt22989270	nm14171462	nm14171462,nm14171463
tt22997874	nm0401667	nm0301441,nm0739310
tt23027482	\N	\N
tt23050246	\N	nm13792465
tt2305051	nm0885249	nm0394984,nm4952700
tt23063284	nm10631069	nm2745244,nm13952324,nm7080784
tt23128970	\N	\N
tt2313031	\N	\N
tt23130670	nm10942064	\N
tt2313740	\N	nm5137903
tt2314625	\N	\N
tt23185570	nm0848501	nm0127399,nm0689521
tt2319165	nm0668211	\N
tt2320189	nm3080173	\N
tt2326936	\N	nm5227291,nm0411631,nm0412534,nm0475542,nm0651519,nm5225938
tt2333762	\N	\N
tt2336015	nm0227295	\N
tt2342283	nm4532290	\N
tt2343632	\N	\N
tt23458694	nm4729142	nm14195824,nm4729142,nm1231429,nm12638951
tt2349729	nm4535095,nm5686843	\N
tt2350300	\N	\N
tt2353254	\N	\N
tt2353987	nm4153665	nm4153665
tt23549588	nm1589691	nm2420913,nm1914697
tt23574532	nm0157363,nm7951031,nm3178439,nm13779756	nm2405043,nm0847186
tt23637130	nm0022172	nm0523541
tt23650124	nm1869577	\N
tt23650544	nm0921636	\N
tt23651998	nm10175913	\N
tt2368173	\N	\N
tt2369739	\N	\N
tt2370491	\N	\N
tt2372262	nm0054731	\N
tt23725766	\N	\N
tt23746630	\N	\N
tt23747362	\N	\N
tt2374953	nm2292149	nm2292149
tt2376036	\N	\N
tt2376704	nm4712463,nm2677449	nm1823321,nm4712463
tt23770398	\N	nm7108111,nm14245871
tt2377904	nm0943063	nm2835934
tt23780374	\N	\N
tt23783558	nm11202129	nm11857321
tt23788318	nm0073953,nm1120190	\N
tt23806114	nm0787048	nm0787048
tt2380626	\N	\N
tt23830554	\N	\N
tt23844070	nm3951727	nm14091163,nm5067227,nm14091168,nm14280737,nm5209610,nm14091165,nm14091164,nm14119498,nm14119497,nm14091265,nm14114206,nm1958964,nm10713680
tt2386173	\N	nm3509458,nm3509395,nm2703606
tt23897968	nm5951003	nm14293691
tt23901758	nm1933076	nm1933076,nm7453751
tt23942330	\N	\N
tt2398017	\N	\N
tt23980556	nm12243434,nm11359669	\N
tt2402869	nm0944315	\N
tt2413602	nm1737283,nm1367649	nm1433489,nm0481990,nm0247653,nm1367649,nm0827985,nm0893262,nm0137180,nm0972916,nm2767831,nm3177985
tt24163704	nm0884596	nm0087289
tt24183102	nm9844865	nm4967009,nm9139673
tt24215584	nm14323665,nm14323666	nm14323668
tt24245898	\N	\N
tt24252384	nm9929860	\N
tt24423974	\N	\N
tt2458274	\N	\N
tt24656896	\N	\N
tt2471680	\N	\N
tt24759674	nm13980033,nm13979867	\N
tt24856210	\N	\N
tt24918112	nm11271366	nm14362849,nm14362850
tt2492880	\N	nm3228518
tt2495328	nm5355048,nm0559431	nm0411127,nm0644942
tt2507396	\N	\N
tt2511986	\N	\N
tt25147700	nm0107757	\N
tt2518398	nm5008372	\N
tt2519666	nm5367062	\N
tt2527952	\N	\N
tt2537828	\N	\N
tt25387430	\N	nm3068230
tt25388764	nm15552917	nm5744244,nm12307498,nm0438471,nm1941818
tt25395626	nm14417827	nm14417826
tt25397218	\N	\N
tt25401128	nm13158517	nm12337036
tt2541398	\N	nm4779843,nm4779832,nm3813965,nm1939626,nm3568608
tt2547080	\N	\N
tt2556408	\N	\N
tt2564188	\N	nm4895288,nm5404264,nm4166869,nm4167250,nm4403170,nm3472668,nm4117682
tt2565736	nm3827880	nm1821575,nm5187585,nm4749444
tt25729292	nm0479292,nm9975681,nm0894178	nm7009508
tt25807648	nm0136649,nm0142456,nm0272855,nm2006292	nm3053362,nm12995082,nm1863397,nm4264151,nm2982486,nm2992331,nm6944269
tt25808448	nm0780391	nm0048087,nm0802709
tt25808650	nm0022172	\N
tt25810158	nm4741272	nm4741272
tt25811346	nm4991043,nm2407136,nm11648869	\N
tt25909434	\N	nm8407371
tt25970518	nm0167371	nm0234282
tt2600072	\N	\N
tt2608094	\N	nm4873672
tt2608974	\N	\N
tt2610264	nm1140278	nm1140278,nm2173855
tt26251602	nm7509010,nm0763552	nm0060627,nm0195263
tt26275116	nm4039295,nm1406683	nm0060627,nm4037716,nm0286091,nm0581762
tt26344202	nm1600377,nm6117543	nm1600377,nm6117543
tt26346249	\N	\N
tt26423365	nm0995527,nm14487175	nm0182114
tt26424719	\N	\N
tt26438687	\N	nm0632383
tt26441321	nm2537638	nm0760026
tt26452235	nm14500212,nm1580764	nm1326574,nm2130753,nm8376669,nm14500180
tt2649032	\N	\N
tt26490582	nm13647125	nm7370686
tt26596404	\N	nm7736171,nm5587194
tt2660254	nm4655199	nm4655199
tt26672124	nm8105741	nm8105741
tt26676115	\N	\N
tt26683957	nm14548708	\N
tt26688693	\N	\N
tt26696543	\N	\N
tt2670448	nm2245882,nm2466691	\N
tt26742956	\N	\N
tt26744561	\N	\N
tt26746660	\N	nm0060627,nm0581762
tt26751155	nm1326561,nm7759093	nm0036864,nm0692180
tt26770079	nm14179420	\N
tt26859873	\N	\N
tt26862868	\N	\N
tt26863524	nm12312676	nm12312676,nm14412380
tt26937843	nm0959409	nm0586035
tt26941926	nm1292640	\N
tt2694744	\N	\N
tt27005067	\N	\N
tt2702402	nm3475882	nm0324330,nm4436863,nm4519246,nm3817196,nm5423900,nm3475882
tt27034364	nm13368228	nm13704052
tt27041260	\N	\N
tt2708122	nm0615273,nm0400423,nm1547501	nm0532235,nm0963341,nm0963392,nm1544976,nm1637751,nm2961728
tt27112625	nm11467484	nm5704133,nm9957701,nm12330168
tt2713026	\N	\N
tt27144305	\N	nm0778606
tt27162750	nm14575432	nm10100105
tt27165655	\N	\N
tt27173477	\N	\N
tt27206316	nm11573469	nm11573469
tt2724204	\N	nm0675157,nm3726308
tt27282946	nm1318340,nm0244518,nm0289513,nm2677451,nm1001722,nm1234160	nm1771556,nm0033520,nm1215923,nm0301788,nm1720870
tt27304580	nm14697349	nm14697349
tt27334318	\N	\N
tt27370209	nm1650308	nm1650308,nm1650309
tt27413383	nm0032853	nm0106039
tt27420788	\N	nm0633202,nm0255034
tt27421528	\N	nm0255034
tt27434054	\N	\N
tt27469817	\N	\N
tt27496492	nm11443008	nm12418317
tt27511304	nm8811453	\N
tt27511510	nm15367929,nm2755774,nm14283136,nm8094849	nm0044391
tt27518585	nm14756668	nm0252364,nm14756667
tt27541588	nm0177680	nm0219814,nm0230078,nm0230115,nm0341642,nm0362275,nm1034988,nm0702881,nm0799775,nm0936854
tt27550171	\N	\N
tt27550229	nm9493596	nm2081091
tt27552860	\N	\N
tt27562426	nm12288272	nm12288272,nm12904352
tt27563534	nm6593281	nm12890170,nm11532348,nm11532349
tt27568118	nm2555963	nm3406280,nm2555963,nm13536506
tt27572243	nm5478883,nm15025869	nm10329523,nm10283735
tt27572341	nm5478883,nm15025869	nm10329523,nm10283735
tt27573294	nm12083933	\N
tt2757668	\N	\N
tt27587540	\N	\N
tt27618924	\N	\N
tt27626982	nm9892892,nm12266945,nm7377456	nm9892892,nm12266945,nm7377456
tt27641633	nm1295563	nm1295563
tt27650403	\N	nm14811062
tt27662979	\N	\N
tt27680063	\N	\N
tt27680239	nm9517691	nm0596393
tt27705125	\N	\N
tt27707190	nm3269367	nm5787954,nm14073728
tt27720498	nm14020473	\N
tt27739086	\N	nm4718999,nm0596393
tt27739984	\N	nm14169456
tt27742799	\N	\N
tt27749874	nm14396713	nm14396713
tt2777462	nm1339748	nm3046300
tt27775098	nm2600512	nm5176177
tt27789140	nm0297239	\N
tt27805113	nm14183961	nm14183961
tt27818314	\N	nm3216799
tt27827105	nm4352872	nm4352872
tt27868170	\N	\N
tt27901652	nm1890673	nm2516677,nm1158657,nm9275002,nm1890673
tt27909058	\N	\N
tt27909887	nm1890673	nm2655815,nm2472291,nm2400798,nm1983650,nm2437730,nm2403604,nm1890673,nm1618276,nm2192271,nm2815339
tt27911665	\N	nm2274818,nm5339696
tt27921111	\N	\N
tt27921838	\N	nm11087652
tt2793050	\N	\N
tt27932768	\N	\N
tt27946257	nm0266660	\N
tt27965550	nm1703551	\N
tt27997635	nm7478784	nm10494032,nm3919979,nm5612873,nm3985704,nm1302731,nm1302945
tt27998972	nm4895964	nm4895964
tt28029474	nm12268683	nm10818888
tt2806564	\N	\N
tt28066618	nm1328862,nm8440226	nm1328862
tt28077688	\N	nm0680460,nm0633202
tt28085432	\N	\N
tt28114581	nm3622914	nm12413560,nm3622914
tt28143783	nm0110156	nm0785948
tt2816810	nm0950001	nm0498979
tt2819058	nm1469191	\N
tt28213816	nm0110156	nm0735172,nm0206898
tt28226425	nm13450371	nm13450371
tt28236669	nm1095084,nm2024584	\N
tt28236872	nm0836795	\N
tt28245466	nm7537639	nm0017324,nm0069099
tt28250897	\N	nm0229890,nm0229908,nm0746169,nm0925388,nm0925335,nm0680460
tt28254146	nm4273458	nm1126618
tt28267686	nm1367823	nm3708796,nm2913779
tt28288014	\N	\N
tt28288709	\N	\N
tt28291082	nm1715502	nm5721363
tt28292985	\N	nm0081593,nm12415333,nm10294103,nm8951127
tt2830552	\N	\N
tt28309120	nm10927576	nm7130488,nm15059603,nm15011949,nm14997576
tt28355729	\N	nm0915556
tt28357154	nm7509204	nm10188707
tt28364578	nm14238629	nm14238629
tt28368326	\N	\N
tt28373101	nm12840910	\N
tt2839690	\N	\N
tt28405544	\N	\N
tt28471554	\N	\N
tt28501817	\N	\N
tt28505670	nm15091716	\N
tt28522708	nm0999974	\N
tt28542877	\N	nm11000985,nm6790602
tt28544897	nm0191386	\N
tt2855346	nm0616866	\N
tt2857196	nm4050232	nm4050232
tt2857502	nm0943063	nm2343269,nm4579890,nm1780029
tt28586778	\N	\N
tt28609502	\N	\N
tt28610919	\N	\N
tt28620858	\N	\N
tt28626063	\N	\N
tt28656076	nm0542093	nm0624523
tt28668497	\N	\N
tt28694966	\N	nm8082923,nm8459787,nm8524286,nm0671547,nm8462571,nm1903288
tt28701650	nm0306320	nm0017855
tt28709770	\N	\N
tt28712688	\N	\N
tt28717413	\N	\N
tt28719122	\N	\N
tt28756117	nm4134901	nm13255897,nm4134901
tt2876012	nm0742341	nm1554352,nm0371193
tt28775760	\N	\N
tt28777728	nm8787778	nm6427250
tt28806153	nm15416452	nm9829144,nm6412721,nm5465874,nm15208227
tt28806793	nm0529959	nm1094819
tt28807061	nm7242839	nm7242839,nm10294103
tt28807713	\N	\N
tt2890846	\N	\N
tt2896480	nm4973706	nm4973706
tt2897878	\N	\N
tt29007064	\N	\N
tt29009061	nm2383985	nm4105146,nm2238283,nm2383985
tt2901586	nm0564796	nm0030651,nm0150306,nm0168325,nm0239635,nm1212018,nm4049824,nm0349966,nm2037857,nm3370618,nm0450454,nm4049160,nm1234322,nm1480071,nm3545498,nm2041517,nm2924053,nm1150425,nm0996011,nm0693229,nm0696305,nm1639615,nm15923936,nm3053272,nm15923937,nm5807904,nm2010832,nm5058607,nm3175488,nm1027087,nm2950998,nm15923918,nm1497264,nm15923930
tt2904026	\N	\N
tt29078395	\N	\N
tt29114112	nm0670725	nm0670725
tt29116329	nm2784953	\N
tt2911878	nm1201692	nm2353823
tt2916822	nm5675758	nm5675758
tt2919308	nm0235663	\N
tt29195137	\N	\N
tt29208392	nm15271834	nm15271834
tt29231568	nm15275668,nm15275667	nm15275668,nm15275667
tt2924058	\N	nm1475126
tt2925784	\N	\N
tt29261578	nm15144162	nm15144162
tt29273800	\N	\N
tt29275291	nm3029525	nm6299149
tt29301721	nm15296590	\N
tt29308136	\N	\N
tt29311476	nm3250164	nm3290452,nm3736760
tt29312677	nm1184891	nm0017324
tt29336793	\N	\N
tt29363401	\N	\N
tt29372030	nm15319355	nm15042436
tt2942780	nm0850942	nm1366458,nm2634944,nm0221613
tt29431479	\N	\N
tt2943726	nm5573605	\N
tt29437898	nm15339286	\N
tt29456346	nm14909382	nm14909382
tt29456467	\N	\N
tt2946778	nm1977549	nm1977549
tt29475258	\N	\N
tt29514888	\N	\N
tt29516035	nm10127198	nm12952019,nm12867405
tt2951834	nm3652736	nm3652736,nm3625182,nm1973681
tt29519113	\N	nm0596393
tt29521112	nm8084360	nm8084360,nm15368781,nm11852603,nm15368780,nm5323748
tt29545081	nm15375831	nm15375831
tt29552366	\N	\N
tt29567045	\N	nm9240185
tt29568789	nm0933002	nm0485712
tt2957946	nm2381823,nm4119350	nm5709070,nm3615175
tt29593950	\N	\N
tt29593954	\N	\N
tt2959742	nm2068725	nm2432681,nm1894719,nm1971148
tt2959858	nm0247827	\N
tt29621014	nm0237067,nm0917284	nm0577513,nm0795400,nm8543861
tt29649553	nm15408108,nm14975021,nm15408109,nm15408110,nm15408111,nm15408112,nm14975020,nm15408113,nm15408114,nm15408115,nm15409288,nm15409289,nm15409290,nm15409291,nm15409292,nm15409293,nm14972909	\N
tt29667135	nm9972320,nm15776310	nm12010720
tt29719598	nm0031348	nm0031348
tt29720247	\N	\N
tt29722217	nm2048825,nm2717430	\N
tt29724688	\N	\N
tt29729368	nm0734836	nm2121478,nm1518438,nm2110673,nm0430975
tt29798940	nm7590640,nm7129301	nm2215938,nm8374592,nm12626222
tt29801830	nm15439214	\N
tt29869234	\N	\N
tt29927050	nm3340078	\N
tt29942703	nm2912930	nm2905234
tt29965126	\N	\N
tt29978359	\N	\N
tt2997892	nm2245749	nm2245749
tt3000682	nm2971228	\N
tt3003442	\N	\N
tt30056087	\N	\N
tt30058947	\N	nm0000590
tt3007470	nm0211398	\N
tt30087795	nm2599402	\N
tt30136754	\N	\N
tt30145200	nm12620892	nm14333573
tt30151855	\N	\N
tt3015954	nm4554346	\N
tt30179162	\N	\N
tt30179932	nm8706928	nm10876811
tt30224942	nm15532882	nm15532882
tt30228601	nm9815321	\N
tt30262127	\N	\N
tt30268174	nm0958397	nm6219772,nm15535565,nm9500249,nm0958397
tt30270576	\N	\N
tt30274066	\N	nm12432474
tt30276589	\N	\N
tt30278414	\N	\N
tt30278528	\N	\N
tt30278638	\N	\N
tt30291226	nm11512384	\N
tt3029792	nm5778039	nm5778039
tt3031076	\N	\N
tt30398719	nm15578272	nm14180701,nm3462447
tt30400256	\N	\N
tt30414838	nm5990241	nm15428962,nm10668287,nm0259632,nm12390981,nm6231788,nm6417704,nm0958397
tt30420099	nm7590640,nm1276122	\N
tt30426211	nm10430000	nm4147383
tt30458721	nm5646734	nm2307493
tt30459726	\N	\N
tt30475652	\N	\N
tt30477759	\N	\N
tt30480315	nm15264395	nm15264395
tt30579434	nm11366107	nm15635317,nm15635318,nm11118788
tt30607910	nm10396613	\N
tt30627835	nm7613671	nm12358988
tt30631410	nm15144162	nm15144162
tt30758813	nm14413968	\N
tt3076732	nm6102023	\N
tt30782731	\N	\N
tt30789660	nm5133771	nm9526396
tt30803167	\N	\N
tt30805861	nm15597254,nm15576958	nm5970972
tt30809834	nm5133771	\N
tt30835282	\N	nm5694997
tt30835366	nm9479718	nm9479718
tt30835411	nm3243688	nm9767105
tt30835531	nm15710395	nm15126419
tt3085020	\N	\N
tt30869520	\N	\N
tt30949339	nm11481075	\N
tt30984134	\N	nm2413832
tt30985224	nm9505128	nm15327383
tt30985389	nm0530488	nm0914844,nm10154048,nm1639341,nm2907118,nm4681482
tt30997053	\N	\N
tt31023335	nm14586437	nm14586437
tt31033357	\N	\N
tt31049392	\N	\N
tt31066015	nm9907615	nm9907615,nm5711917
tt3108044	\N	\N
tt3108448	nm5826097	nm5826110,nm5826097
tt3116456	nm5294941	nm5294941
tt31171227	nm15763583	\N
tt31185079	\N	\N
tt31187088	nm2290450	nm1907944,nm1153649,nm2139195,nm14776121,nm0828433,nm1123500,nm1123527
tt3121688	\N	\N
tt31315510	nm15819422	nm15819422
tt31401150	nm9937280	nm9937280
tt3140672	\N	\N
tt31406997	\N	\N
tt31411285	nm10170240,nm11579650	nm11995731
tt31456244	nm4369603	nm4369603
tt31458419	nm2602412,nm4976144	nm0597313,nm2203779,nm4471003,nm0781114,nm8648864,nm11690635
tt31472282	nm3599897	nm9178818,nm3599897
tt3153664	\N	\N
tt31578990	nm3368289	nm9256349
tt31592541	\N	\N
tt31597279	\N	\N
tt31608471	\N	\N
tt3169312	nm1986270	\N
tt31792009	nm15932690	nm15932690,nm15964341
tt31795351	nm4810597	nm3055598,nm11082533,nm4810597
tt31848171	nm2101095	nm15649991
tt31868404	nm15956286,nm0733699,nm15956285	nm15956286,nm15956285
tt31909265	nm13871539	nm13871539,nm13871545
tt31913864	\N	\N
tt31937615	\N	\N
tt31946041	nm1755565	\N
tt31959261	\N	\N
tt31971848	nm6966938	\N
tt32011524	nm4809772	nm4809772
tt32028679	\N	\N
tt32033707	nm11068936	nm11118174,nm2681990
tt3205010	nm1300063,nm0709349	nm0958766,nm0651450
tt3205734	\N	\N
tt32124005	nm12124575	nm12124590,nm12124575,nm2500845
tt32126191	\N	\N
tt32126831	\N	\N
tt32142526	nm1992375,nm0847294	nm1158314,nm0442888,nm0946695
tt32149216	nm15822868	nm15822868
tt32163702	\N	\N
tt32212860	nm5281871	\N
tt32218266	nm9972320	\N
tt32218316	nm3111047	nm8393288
tt32226260	nm1709874,nm1826685	\N
tt32270184	nm6050329	\N
tt32278021	nm4035324	nm3716161,nm4486392,nm7976248,nm7976249
tt3229072	\N	\N
tt32342275	nm5425799	nm5156799,nm11482205,nm13762563
tt32348032	nm0206816	nm0206816,nm0361700
tt32368548	nm0208072	nm16462432,nm0887871
tt32395071	\N	nm0177846
tt32400400	\N	\N
tt32441117	nm13503785	nm3137021
tt3247052	\N	\N
tt32475923	nm4942400	nm5355294,nm4942400
tt32476795	nm16189256	nm15919364,nm16189255,nm16189256
tt32481771	nm14165235	nm14165235
tt3248938	\N	\N
tt32502132	\N	nm16191479,nm15397432
tt32503378	\N	nm16211262,nm9496166
tt3250478	nm1201539	\N
tt3251320	nm6007582	\N
tt32535654	nm8914634	\N
tt32538663	\N	nm16191479,nm15397432
tt3255090	\N	\N
tt3255748	nm7045165	nm3660814
tt32575278	\N	nm16191479,nm15397432
tt32599452	nm9682932	nm10325600,nm9682932
tt32622314	\N	\N
tt32649653	\N	\N
tt32658783	nm15955524	nm15955529,nm15955530,nm12104020,nm11490209
tt3267420	nm4033448	nm5510143
tt32676013	\N	\N
tt3272770	\N	\N
tt32728437	\N	\N
tt32731303	nm16463745	nm0594152,nm9459136,nm4116818
tt3273374	nm2628347	\N
tt32741172	nm16288866,nm7725685	nm7725685
tt32751102	nm7931479,nm15290479	\N
tt3276536	\N	\N
tt32778036	nm14992590	\N
tt32780078	nm9284221	\N
tt32812492	\N	\N
tt3283246	nm2587821	\N
tt32848875	nm10461118	\N
tt32858185	\N	\N
tt32875420	\N	\N
tt32892999	\N	\N
tt32898156	\N	nm15984855
tt32915231	\N	\N
tt32919696	\N	\N
tt33001661	\N	\N
tt3300670	nm3374033	nm2259943,nm3374033
tt33014931	nm15448223	nm15448223
tt33038843	nm8893648	nm8197207
tt33045060	\N	nm1133163
tt33051588	\N	\N
tt33053331	\N	\N
tt33058009	\N	\N
tt3305984	\N	\N
tt3306614	\N	\N
tt33073644	\N	\N
tt33094225	\N	nm7032871,nm8581221,nm1718053
tt3312852	nm1651546	nm1651546
tt33131433	nm0792257	nm0792257
tt3315872	nm0624561	nm0624561,nm1070145
tt3315984	nm6069173	nm6069173
tt33165323	\N	\N
tt33184109	\N	\N
tt3318676	\N	\N
tt33202875	\N	\N
tt3322222	nm0520961	nm0516032
tt33253866	\N	\N
tt33269181	\N	\N
tt33270003	nm14663354	nm14663354
tt33290311	nm14925964	\N
tt33292379	\N	\N
tt33294552	nm16401360	nm16472885
tt33306653	\N	\N
tt33306752	\N	nm16480951,nm0768465
tt33311549	\N	nm0622500
tt33320598	\N	\N
tt33333638	\N	\N
tt33336236	\N	\N
tt33339114	nm1684253	\N
tt33347333	\N	\N
tt33354297	\N	\N
tt33394129	\N	\N
tt33398026	nm16475808	nm16475808
tt33399135	\N	\N
tt33400416	\N	nm1482418
tt3340450	\N	\N
tt33455511	nm16542023	nm15137103
tt33465465	nm0264809	nm0515795
tt3409002	nm5526683	nm5526683
tt3413442	nm6162964	nm6162964
tt3431942	\N	\N
tt3448034	\N	\N
tt3460788	nm6211318	\N
tt3462098	\N	\N
tt3465208	nm1547925,nm3257659,nm4174851,nm6216057	\N
tt3468724	\N	nm2348048,nm2268095
tt3487106	nm2226464	\N
tt3494636	\N	nm2068391
tt3495802	nm1730037	nm1789985,nm3236733,nm1782254,nm1730037,nm1802209,nm0505276,nm4460471,nm2170754,nm3652881,nm3269545
tt3496210	\N	\N
tt3498134	nm0013503,nm0704501	nm1277089,nm2080771,nm0784711,nm0721112,nm0840805
tt3505970	nm6260591	nm6260591
tt3509008	\N	\N
tt3511066	\N	nm3090562
tt3534138	nm3225517	nm3225517
tt3540610	nm4821114	nm4821114
tt3541462	nm0908372	\N
tt3550470	\N	\N
tt3571090	nm0743748	nm0743748,nm0817387
tt3592616	\N	\N
tt3595204	nm4947940,nm6356935,nm6356933	nm4947940,nm6356935,nm6356933
tt3604422	nm2221724	nm6498143,nm2221724
tt3613072	nm1502115	nm3002576,nm4538802,nm4538458
tt3618266	nm0293111	nm4137820,nm0293111,nm5407393
tt3618386	\N	nm2557012
tt3618784	nm5663642,nm6374112	nm5663642,nm6374112
tt3625460	\N	\N
tt3637994	nm0774598	nm0774598
tt3639808	nm0654042	nm0737904
tt3643008	\N	\N
tt3662778	nm3068963	nm3068963
tt3664480	nm0903088	nm0311903
tt3665124	nm10555504	nm10555504
tt3667106	nm6427107	nm6427107
tt3676902	\N	\N
tt3706412	nm0289381	\N
tt3708074	nm6486728	\N
tt3720412	nm0418425	\N
tt3724016	nm1920037	nm3577350
tt3735072	nm4005628	nm4005628,nm6038421
tt3738962	nm6116253	nm6116253
tt3742310	nm1366831	\N
tt3757024	\N	nm3409161
tt3762948	nm1405761	\N
tt3763700	nm4434492	\N
tt3767922	\N	\N
tt3774912	nm6541449,nm8781184	nm6541454,nm6541449
tt3775474	nm0737144,nm2479536	\N
tt3781964	nm1267896	nm0614682,nm1004299,nm1259417,nm1409303
tt3781990	nm0095424	nm0247609,nm2022626
tt3784382	\N	\N
tt3796098	nm1281831	nm1114843,nm1400904
tt3823946	\N	\N
tt3836086	nm0235663	nm0666168,nm0505386
tt3845404	\N	\N
tt3849388	nm3138118	nm3139761,nm1046938
tt3850616	nm0780825	nm3991176
tt3857366	\N	\N
tt3857552	nm3526723	nm3526723
tt3881000	\N	\N
tt3884502	\N	\N
tt3894684	\N	\N
tt3902876	nm6054461	nm6054461
tt3919496	\N	\N
tt3946516	\N	\N
tt3952980	nm2863632	nm8822061,nm5261816,nm1651553
tt3953946	nm6700235	nm6700235
tt3956264	nm2719611,nm0766218	\N
tt3962506	\N	nm0957105
tt3965498	\N	\N
tt3982168	nm2459245,nm8201359	nm2638656,nm8703415,nm6519049,nm1768343
tt3988790	\N	nm6673717
tt3991614	\N	\N
tt3995398	\N	\N
tt3998822	\N	nm1847857
tt4004620	nm6742243	nm6742243
tt4007578	nm0790320,nm0856420	\N
tt4009076	\N	\N
tt4013658	\N	\N
tt4013782	\N	\N
tt4013926	\N	\N
tt4031594	\N	\N
tt4041376	\N	\N
tt4043628	\N	\N
tt4065164	nm2193238	nm1885737,nm2243430
tt4067338	nm3181359	nm3181359
tt4073084	nm6804073	nm6804073
tt4077266	nm3304059	nm3960589
tt4089180	\N	\N
tt4095514	\N	\N
tt4097296	\N	\N
tt4106698	\N	\N
tt4111004	nm6393307,nm4022310	nm6393307,nm4022310
tt4125440	nm5588512	nm5588512
tt4134910	\N	nm2539064
tt4138682	\N	\N
tt4153986	\N	\N
tt4163512	\N	\N
tt4170500	\N	\N
tt4172652	\N	\N
tt4173042	nm1958177	\N
tt4175544	\N	\N
tt4189136	nm5760408	nm3939902,nm6903397,nm2436678,nm1226081
tt4200660	\N	\N
tt4209218	nm0456110	nm2367257
tt4220792	nm0616932	nm0482251,nm1221966
tt4229290	nm2102653	nm2643770,nm2102653
tt4234628	nm0497460	nm0497460
tt4244740	\N	\N
tt4247566	nm6952002	nm6952002
tt4258336	nm1678488	nm1678488
tt4259326	nm1646125,nm1645818	nm1646125
tt4268456	\N	\N
tt4270916	nm1357857	\N
tt4273980	nm0804973	\N
tt4274778	nm6845242	nm6845242
tt4288626	nm6993679,nm2178717,nm5495583	nm6993679,nm2178717,nm5588006
tt4310110	nm3359616	nm1137947
tt4316526	nm3975190	\N
tt4330994	\N	nm0148223
tt4340618	nm7043002	nm7043003
tt4369030	nm0788999	\N
tt4376414	\N	nm3285929,nm2014100,nm0546790,nm7049419,nm2683357
tt4378758	\N	\N
tt4404048	nm2370061	nm1080843,nm2370061
tt4413286	\N	\N
tt4457034	nm1216058	nm1216058
tt4458510	nm1665935	nm2873315,nm1665964,nm2023547,nm2028373,nm3968226
tt4461510	\N	\N
tt4483120	\N	nm0590316
tt4492628	\N	\N
tt4506300	\N	\N
tt4523914	nm5713732	nm5529382
tt4525268	nm1709205,nm0451128	nm1802664,nm0637446
tt4532556	nm7198664	nm7198664,nm7198665
tt4536426	\N	nm4927122,nm2889775,nm7869077,nm3689037,nm0001468,nm3688724,nm0611848,nm1927564
tt4544116	nm7209500	\N
tt4545590	nm0634585	\N
tt4548596	nm7214754	\N
tt4550130	\N	\N
tt4562194	\N	\N
tt4565818	nm0267965	nm2071662
tt4580124	nm7241470	\N
tt4581964	nm4468748,nm4473859	nm1481170
tt4585366	\N	\N
tt4586390	nm7246714,nm3441626	nm7246714,nm3441626
tt4598952	nm0417559	\N
tt4602374	nm5939952	nm5939952
tt4640076	\N	nm8186937
tt4645874	\N	\N
tt4647588	\N	\N
tt4652824	nm0139018	nm1103791
tt4657746	\N	\N
tt4674526	\N	\N
tt4678198	\N	\N
tt4698992	\N	\N
tt4724248	\N	\N
tt4725674	\N	nm1419678,nm1471503
tt4729818	\N	\N
tt4740328	nm12994480,nm12375379	\N
tt4745720	nm0509409	nm1213712,nm2383893,nm4960872
tt4749162	\N	\N
tt4761500	nm0035676	\N
tt4782448	\N	\N
tt4783216	\N	\N
tt4788396	nm1766821,nm3150680	\N
tt4798824	\N	\N
tt4805560	\N	\N
tt4835556	\N	\N
tt4838018	nm6906285	nm6906285,nm6084535,nm3863541
tt4857584	nm4385724	nm4385724
tt4861506	nm7450550,nm7450470,nm7450468	nm7330772
tt4861734	\N	nm7459592
tt4870750	\N	\N
tt4872446	nm1907281	nm1907281
tt4874290	nm0716752	nm1271798,nm0380555,nm1243431,nm0553860,nm1018044,nm0785948
tt4877966	\N	\N
tt4887116	\N	nm0401502,nm1559903,nm2753556,nm6704759
tt4887868	nm8087565,nm2453788	nm8351742,nm4792231
tt4890330	\N	\N
tt4922028	nm1040588	nm11034515,nm5507309
tt4926448	\N	\N
tt4935840	\N	\N
tt4952992	nm3842480	nm2374033
tt4977700	\N	nm0881544,nm7533822
tt4982498	\N	\N
tt4985864	nm7506885	\N
tt4985946	\N	\N
tt4986340	\N	\N
tt4998530	nm1974852	\N
tt4998854	\N	nm0892939,nm8179866,nm4654193
tt5003270	\N	nm0587508
tt5003478	nm5305357	nm7568961
tt5018674	\N	\N
tt5032804	\N	nm1419272
tt5042516	\N	\N
tt5057630	nm0831968	nm0047334,nm0432075,nm0455513,nm0608994,nm3113629,nm0830193,nm0831968
tt5077764	\N	\N
tt5080768	nm3692440	nm3692440
tt5091578	nm1566468	\N
tt5103082	\N	nm2984733
tt5103250	nm4573521	\N
tt5104180	nm7681921	nm7681921
tt5109132	nm0280364	nm0684432
tt5110626	\N	nm0680460,nm0068589,nm0633202
tt5138402	nm1591416	\N
tt5146982	\N	nm4377318
tt5152568	nm5148759	nm5148759
tt5182084	nm0251032	nm0092578,nm1038181,nm2474120,nm1228961,nm4481526
tt5188300	nm7717849	nm7717849
tt5189986	nm1237009	\N
tt5191602	nm2042393	nm2528551,nm1423623
tt5193874	\N	\N
tt5198548	nm3887279	nm5281927,nm7794174
tt5201562	\N	\N
tt5217136	\N	\N
tt5225070	\N	\N
tt5226636	nm0409050	nm4311819
tt5254990	nm1012211	nm1012211
tt5265620	nm4976353,nm2501983	nm4976353
tt5275992	nm6740536,nm6452762	nm6740536,nm6452762,nm6689085,nm6689083
tt5279204	nm0449070	nm1680533,nm0449070
tt5288670	nm3987336	nm3987336
tt5291870	\N	nm3102878
tt5305436	nm5215979	nm5215979
tt5309480	nm2237374	\N
tt5316184	nm8093048	\N
tt5317654	\N	\N
tt5323506	nm1039901	\N
tt5336490	nm0013503,nm1513353	nm0013381,nm1330944,nm2080771,nm0840805,nm0784711,nm0721112,nm7351064
tt5354154	nm6767749	nm6331124,nm6767749,nm7457164
tt5368566	nm5301744	\N
tt5390018	nm7811104	nm7811104
tt5418810	nm0332348	nm2335535,nm0060783
tt5419678	\N	nm1121649
tt5422766	\N	nm0006724,nm0512728
tt5439126	nm1318819	nm1318819
tt5448456	nm4931985	\N
tt5449218	nm1519751	\N
tt5468696	nm7927580,nm2013423	nm7927580,nm2013423
tt5472340	nm6707817	\N
tt5473724	nm2114888	nm0998813,nm0366507,nm0393877,nm0597521,nm2964895
tt5481434	nm0037766	nm0428243,nm0373684,nm0086277,nm8570087
tt5493004	nm1533201,nm1613185	nm2880743,nm2607545
tt5517324	nm0230665,nm0927311	nm1295098,nm3946127,nm4069943,nm0473500,nm6785808
tt5522664	\N	nm0892939,nm0313072
tt5529416	nm3465104	nm7980007
tt5536494	\N	\N
tt5538302	nm5089514	\N
tt5539220	\N	\N
tt5543302	nm2014132,nm1939216,nm4796372	nm2014132,nm2408470
tt5544200	nm0719511	nm0695415,nm0860809,nm0101715,nm0325029,nm0063686,nm0068347,nm0068589
tt5549578	\N	nm3643272
tt5557634	nm1515020	nm0218244,nm0418309,nm1514974
tt5585430	nm1433999	nm0278606
tt5597264	nm0355961	nm1546173,nm3805156,nm1221966
tt5605780	nm0875490	nm8045353,nm0334469
tt5613358	\N	\N
tt5618152	nm0043909	nm0053077,nm0043904,nm2784794,nm0721520,nm0251642,nm3764773
tt5629164	nm0472829	nm0472829
tt5629466	nm2683389	nm2683389
tt5640348	nm7024329	nm8124864,nm7024329,nm5966943
tt5640892	nm1955450	nm1955450
tt5694936	\N	\N
tt5700014	nm7331017	nm7331017
tt5703808	\N	nm0668356
tt5716696	nm1089963,nm0557015	\N
tt5722562	\N	\N
tt5722690	\N	\N
tt5724026	nm7873380	nm7873380
tt5729890	nm1091763	nm8161679
tt5735852	nm0448508	\N
tt5740242	nm0687739	nm0687739
tt5757752	\N	\N
tt5758630	nm6264147	nm6264147
tt5784358	\N	\N
tt5787438	nm8197095	nm8197095
tt5802636	\N	\N
tt5822612	nm2829186	nm2829186
tt5826508	nm8100885	nm2080345,nm8100885
tt5838606	\N	\N
tt5863000	\N	\N
tt5863136	\N	nm0693338
tt5866488	nm8272221	\N
tt5882228	nm8286982	\N
tt5897258	nm0149877,nm1958765,nm1939499	nm0734570,nm0739351,nm0749549
tt5898258	nm1722958	nm1722958
tt5902914	\N	\N
tt5909586	nm1723779	nm3000629,nm1610222,nm0005277,nm0725200
tt5913666	nm3311016	nm3311016,nm3248429
tt5919068	nm2300053	\N
tt5933144	nm6021848	nm6021848
tt5937006	\N	\N
tt5939080	nm3351484	nm3351484,nm3350373
tt5946376	nm0110021,nm2605840,nm0276642,nm0703122,nm0723330,nm0961755	nm0239124,nm6705692,nm2204280,nm0722815,nm9438076,nm2122012
tt5949098	nm8120487	\N
tt5956322	\N	\N
tt5964888	\N	nm0188266,nm0778486
tt5976978	\N	nm2286712
tt5988354	nm9402196	\N
tt5989672	nm1283240	nm0718107,nm3934076,nm2080999,nm2474122,nm2890092,nm2103526,nm2807387
tt5998110	nm2405606	\N
tt6000686	nm0209853	nm1362937,nm1571117,nm3537396,nm5054168
tt6003808	nm5096822	nm5232176
tt6008456	\N	\N
tt6032788	nm8408035	nm8408035
tt6038232	nm3174344	nm8415980
tt6043968	nm0671105	nm2086472,nm1915955,nm1105060,nm0584221,nm7838346,nm0952467
tt6054468	nm6489340	nm6489340
tt6065682	\N	\N
tt6066984	nm3160666,nm1644528,nm0849290,nm0906412	nm6561287,nm5336034
tt6069606	\N	\N
tt6102266	\N	\N
tt6107436	nm1779909	nm1779909
tt6122928	\N	\N
tt6131670	nm0442810	nm1093700
tt6156884	\N	nm4701768
tt6159672	\N	nm4184031
tt6186384	\N	\N
tt6199882	nm8547065,nm8547066,nm7057925,nm8547067	\N
tt6200568	\N	\N
tt6211786	\N	nm1549544
tt6225590	nm3712580,nm8566997	nm3712580,nm8566997
tt6230626	nm1245286	nm1628335,nm8030322,nm6431357
tt6234150	\N	\N
tt6241626	\N	\N
tt6251922	\N	nm0403569,nm0403568
tt6254702	\N	\N
tt6255884	\N	\N
tt6264542	nm4283812	nm4283383,nm4283812
tt6282418	\N	nm1702396,nm6847304,nm5194546
tt6285866	\N	\N
tt6294070	\N	\N
tt6294706	nm1288934,nm2091775,nm1499979,nm0331672,nm0494489,nm0335337,nm0358184,nm0735276,nm2165614,nm4982198,nm4941093,nm4916121,nm3258390,nm0735484,nm0716813,nm6299221,nm4798588,nm0206259,nm0266622,nm0297489,nm0243109,nm0724757,nm0780825,nm3311110,nm5697142,nm5612209,nm3836245,nm8259575,nm2331305,nm4484304,nm8820258	nm2913119,nm12597611,nm4484304,nm2005539,nm12649475,nm8580760,nm5926700,nm4133974,nm0445963,nm5730849,nm4252592,nm3543478,nm7521338,nm2322409,nm0283234,nm1380122,nm1277149,nm1120513,nm3644894,nm10354177,nm2027168,nm2024486,nm4478686,nm3382747,nm9682871,nm0465863,nm3302182,nm2954620,nm0689319,nm8052033
tt6298888	\N	\N
tt6311716	\N	\N
tt6313072	\N	\N
tt6321384	\N	\N
tt6336778	\N	\N
tt6366950	nm1577958	nm3856889,nm2721922,nm2176001,nm5347072,nm3635207,nm5175006,nm1456060,nm2178691
tt6367796	\N	\N
tt6376170	\N	\N
tt6379068	nm0121112	\N
tt6381164	nm4960028	nm4960028
tt6383858	\N	\N
tt6386690	nm7128040	nm0914844,nm2907118,nm2909417,nm0324516,nm4564238
tt6387704	\N	\N
tt6394170	nm0123273	nm0197351,nm1054832,nm0232981,nm0504832,nm0615373
tt6415282	\N	\N
tt6427728	nm0274051	nm1538023,nm0000376,nm0414908,nm1098024
tt6428042	\N	nm7718283
tt6463158	\N	\N
tt6471500	\N	\N
tt6476536	nm0096180	nm0035279,nm0096180,nm0207684,nm0207685
tt6489904	nm2970836	nm3525705
tt6508280	nm0031653,nm2126627,nm0527004	nm1824764,nm1752056,nm7915757,nm3815709,nm6875881,nm0138759
tt6509074	nm8132800	nm8132800
tt6509330	nm2936220	nm4342004,nm2936220
tt6526624	\N	nm14214368
tt6527100	nm8772566	nm8772566
tt6532450	nm0260982,nm0032761	nm0581762
tt6537254	\N	\N
tt6544922	nm5623978	nm5623978
tt6547666	\N	\N
tt6554052	\N	\N
tt6561594	nm7706655	nm7706655
tt6584856	nm1429468,nm3566856	\N
tt6586868	nm0608461	nm0586035
tt6602384	\N	\N
tt6612444	nm1244526	nm0156312,nm1702240
tt6612834	nm2118613,nm8826313	\N
tt6617722	nm0260982,nm0032761	nm0581762
tt6633740	nm1580850	\N
tt6635454	\N	\N
tt6636682	\N	\N
tt6648868	\N	nm7177251
tt6656254	nm1283825,nm0916643	nm1295098,nm3529871,nm1883634,nm4948394,nm3054707,nm0455897
tt6665674	\N	\N
tt6670752	\N	\N
tt6699824	nm5080083	nm5080083
tt6713080	nm0557993	nm1076535
tt6722752	\N	nm0535500,nm0675836,nm0883283
tt6735636	nm1939978	nm7911157
tt6755694	\N	\N
tt6774874	nm8920498	nm8920498
tt6788326	\N	\N
tt6791378	nm1601654,nm0737718	nm0117676,nm0117679,nm0216697,nm0345112,nm2715337,nm0014332
tt6794206	\N	\N
tt6810868	nm2752915	nm2752915
tt6815190	nm0129416	nm0129416
tt6818658	nm13347599	\N
tt6822394	nm1339108	\N
tt6825416	nm8986564	\N
tt6838660	\N	nm0684623
tt6840238	\N	\N
tt6859372	\N	\N
tt6867314	\N	\N
tt6872452	nm1894683,nm1895237	nm1894683,nm1895237
tt6878382	nm4159489	nm4159489,nm8986518
tt6899508	nm15207999	nm5460792,nm7053951,nm3806212
tt6917182	\N	\N
tt6918454	\N	\N
tt6934308	nm6479807	nm8250034,nm8602228
tt6935618	nm6479808	nm6831791
tt6952350	nm0565214	nm0848620,nm0341162,nm0295225,nm0936621,nm2279379,nm0722287,nm1244633,nm2005764,nm3494760,nm0341311
tt6964592	nm0349785	\N
tt6971332	\N	nm0914844
tt6971664	\N	nm9034439
tt6984016	\N	\N
tt7022034	nm4458549	nm4458549
tt7030370	nm5060428,nm7309160,nm5953270,nm2563700,nm9073085,nm5197442,nm6137294,nm9073084	nm7309160,nm5089985
tt7060210	nm0354663	nm0535500,nm0883283
tt7064196	nm1471643,nm0496340	nm0000636,nm3077000,nm1438661,nm1213319
tt7068084	nm0461895,nm2438834,nm2975256	nm6877185,nm5336034
tt7073838	nm0215372	nm1681817,nm0868627,nm1599612
tt7106826	\N	nm3978436
tt7109398	\N	\N
tt7123900	\N	\N
tt7153494	\N	\N
tt7165076	nm9148444	nm7429856
tt7175300	nm1163899	nm1297783,nm2477898
tt7194144	\N	\N
tt7194200	\N	\N
tt7206716	nm3848606,nm9173033	\N
tt7223644	\N	\N
tt7231826	\N	\N
tt7233886	\N	\N
tt7238196	\N	\N
tt7240092	\N	nm1737261,nm3829757
tt7242842	nm4387984,nm2355477,nm0854104,nm3861808	nm7247103,nm2077444,nm1863397,nm2037442,nm8054539,nm4675917,nm1757944,nm4264151,nm8126751,nm0799288
tt7247336	nm7732669	\N
tt7250322	nm2058109	nm2058109
tt7271884	\N	\N
tt7273936	nm1041120	nm1080629,nm0133144,nm0286091,nm0535500,nm1102269,nm1720904,nm0883283
tt7275002	nm5363370	nm0498278,nm0228492,nm1161949
tt7280520	nm1345000,nm0038445,nm0217087	nm1424737,nm1333823,nm1334005,nm1319679,nm1398929,nm1427581,nm1422270
tt7285852	nm2879449	\N
tt7306992	nm5387216	\N
tt7316280	nm6530398	\N
tt7318008	nm0032791,nm0056770,nm1450033,nm0761055	nm1514345,nm1318349,nm1703707,nm1706570
tt7320608	\N	\N
tt7329090	\N	\N
tt7353060	nm0284256	nm3643037
tt7374526	nm9273151	\N
tt7379548	nm0579489,nm0594001,nm0890173	nm1410073,nm4414420,nm1399283
tt7382214	nm0305493,nm1353161	nm1356167,nm1367531,nm0996348,nm0488665
tt7385060	nm9273706,nm3279982	nm9273706,nm5120430
tt7424368	nm8100623	nm6739597
tt7432722	nm0692590	nm0734570,nm1216570,nm1398919
tt7434840	\N	\N
tt7443172	\N	\N
tt7446782	\N	nm2136407,nm9313359,nm6388198
tt7448970	nm9311135	nm9311135
tt7463042	nm4604194,nm10057177	nm3084686,nm3476984,nm4607871,nm3083935,nm1394917,nm12232698,nm3479267,nm4759880
tt7474056	\N	\N
tt7474836	nm0284639,nm2657180	nm1440678,nm1120907,nm1145257,nm1516480,nm0815296,nm0959388
tt7484078	\N	\N
tt7499050	\N	\N
tt7511616	nm0195270	nm0275585,nm8139404
tt7511902	nm0025457	nm1640027,nm1883542
tt7515632	nm1145806	nm1354318,nm0275585,nm1425565,nm1400901,nm1400904
tt7516066	nm0273986,nm1217519	nm3485672
tt7523942	nm1145806	nm1354318,nm0275585,nm1425565,nm1400901,nm1400904
tt7524240	\N	\N
tt7526146	nm8527290	nm8527290
tt7531682	nm0145996,nm0721208	nm1424225,nm0180678,nm1427433,nm1213319,nm5880714
tt7539194	nm0882927	nm0882927
tt7561700	nm5412244	nm5412244
tt7568966	nm0602253	\N
tt7587386	\N	\N
tt7599770	nm0134018,nm0602600	nm0889768,nm0840841,nm0704138,nm1583648
tt7601150	nm3510508	\N
tt7604072	\N	\N
tt7628270	\N	\N
tt7635754	\N	\N
tt7643652	\N	\N
tt7646816	nm0355961	nm1546173,nm3805156,nm1221966
tt7647924	\N	nm9195493
tt7649778	\N	\N
tt7663354	\N	nm9970487
tt7669922	nm2366527	nm0365829,nm1497264,nm2546630
tt7724882	nm7179387	nm2341011
tt7725344	nm7607530	nm9630022,nm9630023,nm0293804
tt7726836	nm0482901	nm0056870,nm3481686,nm1248846,nm2769564
tt7731270	nm0895076	nm7596050,nm0714961,nm2193191
tt7746244	nm8990195	nm8990195
tt7759078	\N	\N
tt7772180	\N	\N
tt7785138	\N	\N
tt7803362	nm4194032	\N
tt7814768	nm2302156	nm1652333
tt7816728	nm0081593,nm5990613,nm1319852	nm0647222,nm0889771
tt7824388	nm9081741	nm9081741
tt7837418	\N	nm6711011,nm6711009,nm6711010,nm6711012
tt7845498	nm2115183	nm2115183
tt7862828	\N	\N
tt7878934	nm4328027	nm4328027
tt7888754	nm0301735,nm1418158,nm1130096,nm1425867	nm1424525,nm1492333,nm1492448,nm0324766,nm1150763,nm1709389
tt7890036	\N	\N
tt7893136	\N	\N
tt7903030	nm1120907	nm1397794,nm0275585
tt7919612	nm9507707	nm9507708,nm0402095,nm0793062
tt7930448	nm3845181	\N
tt7942822	nm9589230	\N
tt7952308	nm0737880,nm1865463	nm1398493,nm1216570,nm1425565,nm1397794,nm1398929,nm1419320,nm1399682
tt7962360	nm1856663	nm0962523
tt7964296	nm1618181	\N
tt7971250	nm5669454	nm5669361,nm5669487,nm5669380
tt7975914	nm5710706	nm10077458
tt7987154	nm1770769	nm0422988
tt8036720	nm2470214	\N
tt8058390	nm0394378	nm14810258,nm1105913
tt8062882	nm1135865	nm0275585
tt8075500	\N	nm1772491,nm1898893,nm1603393,nm1557891
tt8086880	nm0623107,nm1162606	nm1163245,nm1166975
tt8088440	nm1872517,nm2274145,nm0692595	nm1527093,nm1011827,nm1371927
tt8092412	\N	\N
tt8100452	nm1629056,nm0872535,nm0897852	nm1373848,nm1349953,nm0306042
tt8107892	\N	\N
tt8108842	nm0306042,nm1580740,nm7855735	nm0306042,nm0970096
tt8115570	nm3137373	nm8016663,nm3137373
tt8118856	nm0194720,nm0535884	nm1318349,nm0535884,nm0722736,nm1387638,nm1302784
tt8123120	nm3291848	nm3291848
tt8139892	nm3082250	\N
tt8143206	nm0348735	nm0265776,nm0704115,nm0763126
tt8146176	\N	\N
tt8154238	nm0195270	nm0275585
tt8155776	nm7744276	nm7744276
tt8162046	nm2575667,nm0891919	nm7774676,nm1513166,nm1522348,nm1940343,nm2540500,nm1942422
tt8164376	\N	\N
tt8165608	\N	\N
tt8172350	nm9711032	nm0182416
tt8183760	nm2035372	nm3661195,nm2035372
tt8183882	nm1566468	\N
tt8184410	\N	\N
tt8191522	nm4850935	nm0811797,nm4851470
tt8198942	nm9665618,nm0759469,nm9393779	nm0012489,nm1942911,nm0755067
tt8208850	nm0107207	nm0508154,nm0616338,nm0749549
tt8213426	nm1994044,nm1421562,nm1443012	nm1415620,nm1416157,nm0602623,nm9345936,nm4483602
tt8222406	nm3856217	nm9313135,nm9360779,nm1923886,nm9741608,nm9722980,nm9345334,nm9313142
tt8223208	\N	nm1994606
tt8232164	nm2766776	nm1306746,nm3440352,nm2531535
tt8234000	nm1223381,nm7073782,nm0720462,nm0478988	nm0384892,nm3069989
tt8266876	\N	\N
tt8267724	nm9766593	\N
tt8275752	\N	\N
tt8276928	\N	\N
tt8283582	\N	nm0060783,nm0324549,nm0690854
tt8309194	nm2189713	nm2392528,nm2414113,nm2891978,nm4012272
tt8314290	nm0042771,nm0103810,nm0559747,nm0780391	nm0722865
tt8317824	nm6894478	nm6894478,nm6113869
tt8321262	nm1375368	\N
tt8352510	nm0089368,nm0598173	nm0722865
tt8356114	nm9415527	nm9415527
tt8362544	nm7725685	nm7725685
tt8384432	nm0167371	nm0380555,nm7443493,nm0624523,nm0896874
tt8387200	nm2317339,nm10589947	\N
tt8393020	nm1203199,nm1334970	nm1340699,nm1203199
tt8393814	nm0174557,nm0537354	nm0300416,nm0518353,nm0708695
tt8396410	\N	\N
tt8398120	nm7589910,nm1450550,nm1421562	nm1866758,nm1815154,nm3666294
tt8429706	nm4302855	\N
tt8453378	\N	\N
tt8455560	nm0618535,nm0667257,nm0727897,nm0879682	nm0512836,nm0618975,nm0695351,nm0798201
tt8480702	\N	\N
tt8480740	nm1997490	\N
tt8493854	\N	\N
tt8505970	nm0920950	nm3230448,nm1179485
tt8526388	nm4489288	nm4489288
tt8527568	nm8214911	nm8214911
tt8544716	nm9889835	\N
tt8560934	\N	\N
tt8563030	nm0174557,nm0537354	nm0624523,nm0634036
tt8575728	nm1160764	nm0297742
tt8583226	nm0042768,nm0053945,nm1878623,nm0315837,nm2768785,nm3433368	nm0173959,nm2482189,nm3559563,nm0646709,nm0763644,nm0993971,nm0210734
tt8596258	nm0142438,nm0561336,nm0897829	nm0130640,nm0305192,nm0305322,nm0621642,nm0695351,nm0708812
tt8617370	nm9926054,nm1961362	nm4553949,nm9926053
tt8627624	\N	\N
tt8655454	nm0133345,nm0136695,nm0276899	nm0163210
tt8661292	\N	\N
tt8671460	nm2351889	nm3122626,nm2163067
tt8680118	nm0521423	nm1483828
tt8693806	nm0666777	\N
tt8715252	\N	nm2429688
tt8731270	\N	\N
tt8735570	nm9989834	\N
tt8737340	\N	\N
tt8741734	\N	nm7469254
tt8775868	nm6745996	nm6745996,nm8725826
tt8776418	nm0028491,nm0495091	nm0495091
tt8782960	\N	nm5589828,nm5617944,nm4861878
tt8787458	nm1636997	nm2611880,nm4770765,nm10021849
tt8789530	\N	\N
tt8791172	nm0009495	nm0423493
tt8813404	nm0210462	nm0519942
tt8813422	nm0089368,nm0792528	nm0920656
tt8817082	nm9966419	nm9966419,nm10036505
tt8823180	nm0830634	nm7784986,nm7574778
tt8823754	nm0757877	nm0308318
tt8857542	\N	\N
tt8861570	nm5525354	nm5525354
tt8873180	nm7800754	nm0739310
tt8876662	\N	\N
tt8878252	nm0342162,nm0594588	nm0722865
tt8887310	nm0190483,nm0326950,nm1042011	nm1158335,nm1039584,nm1158744,nm0251110,nm0350844,nm1159741,nm1161915,nm0733876,nm1041589
tt8892472	nm0724757	nm0271501
tt8906732	nm4445821	\N
tt8908542	nm3243348,nm0218838	\N
tt8915112	nm1421562,nm1444729	nm1424526,nm1436463
tt8950982	nm0147138	\N
tt8954608	nm3161909	nm2898699,nm10098059
tt8960804	nm0554045	nm0028058
tt8964148	nm12776197	nm13350487,nm7997276
tt8965298	\N	\N
tt8966018	nm0808310	\N
tt8972228	\N	\N
tt8973120	nm0539894	nm6175836,nm0739310,nm7788286
tt8982200	\N	nm0191612,nm0996693,nm0724856
tt8998054	nm4214853,nm4293821	nm4215044
tt8999736	nm0246870	nm0049206
tt9004728	nm1780062	nm1802530,nm9493733,nm1780062
tt9006458	nm10125582,nm5400928	nm10125582,nm5400928
tt9009998	\N	\N
tt9010882	nm4548049	nm4548115,nm5539556,nm4548049
tt9022332	nm1124242	nm1122534
tt9026920	nm2291228,nm0038241	nm2289899
tt9034128	\N	\N
tt9038586	nm10143087	nm10143087
tt9050522	nm3942844	nm6957736,nm12589811
tt9080178	nm1431194	nm4271151,nm3931594,nm1150068
tt9091328	nm1406683,nm0527004	nm0057538,nm1006699,nm0539254,nm1398560,nm1142046,nm1398592,nm0603800,nm1409624,nm3498395
tt9095494	\N	\N
tt9097700	nm3488692	nm3488692
tt9101314	nm0327055	\N
tt9103538	nm0465617,nm0776932	nm0772375
tt9116590	nm0015846,nm1245286	nm7976248,nm7976249,nm4012272
tt9116686	nm1748916,nm1748979,nm1751795,nm1485309	nm1802128,nm1485607,nm0409942,nm1749103
tt9117524	\N	\N
tt9122010	nm1454784	nm1454784
tt9122436	nm0015846	nm7490793,nm4311463,nm1796039
tt9156418	\N	nm9195493
tt9159912	\N	\N
tt9167384	nm0721342,nm1542079	\N
tt9181320	nm1966600,nm10377741,nm0417562	\N
tt9198442	nm0766263	nm1703612,nm9484837
tt9201090	\N	nm1931317
tt9209444	nm5090855,nm5043436	nm5090855,nm3542945
tt9209514	nm8912336	\N
tt9240550	nm0190853,nm1391467	nm1743391,nm4154884,nm2451395
tt9253636	\N	\N
tt9257448	\N	\N
tt9275716	\N	\N
tt9279520	nm0350860	nm0054045,nm1524601
tt9292042	\N	\N
tt9326622	nm1246883	nm2771158,nm2702814,nm1245286,nm2160145
tt9342136	nm5190282	nm1250701,nm2326821
tt9344478	nm8540789	\N
tt9344820	nm9910790,nm9910791	nm9910790,nm9910791
tt9360254	nm0052878,nm0306320	nm0013499
tt9369806	nm1802105	nm1710909
tt9374496	nm1245286,nm0484073	nm3537396,nm2776197,nm4486392
tt9412710	nm1425353,nm0622934,nm3143165,nm1245533	nm1569740,nm4166617,nm1258882,nm2808738,nm1045959,nm5763477,nm1932068,nm8987684,nm1206652,nm1870111,nm4283131,nm6061048,nm1261484,nm4859760,nm3601888,nm6791681,nm1863751,nm4137535,nm6749567,nm13217346
tt9419380	nm0953102	\N
tt9428554	\N	\N
tt9432260	nm9783578,nm0474859,nm6654066	nm5054027
tt9451826	\N	\N
tt9452890	nm2177723	\N
tt9454258	\N	\N
tt9457142	nm3593194,nm15776310	nm3593194,nm0960965
tt9457546	nm0625065	nm1541482,nm2651299,nm0848966,nm1710554
tt9457572	nm8120565	\N
tt9459446	nm6625765,nm8932411,nm3571141,nm7867124	nm3706001,nm8258238,nm8245357,nm5443466,nm9115584
tt9470666	\N	\N
tt9472276	nm0420817	nm0420817
tt9484128	nm1626851,nm1245738,nm3479561,nm2346960	nm1853938,nm2276735,nm3477793,nm3478877,nm3476984,nm3083935,nm3479267
tt9491632	\N	\N
tt9497958	nm10346923,nm3582934,nm10346924	nm5471898,nm7734003,nm1888204,nm7749575,nm7764826,nm4060831,nm10346922
tt9506684	nm0401982	\N
tt9515794	nm0960965	nm5203198,nm1876616
tt9521030	nm0819706	nm1676216
tt9529822	nm1764554,nm1442386,nm3143165	nm1569740,nm4166617,nm1258882,nm2808738,nm1045959,nm5763477,nm1932068,nm8987684,nm1206652,nm2987572,nm1870111,nm2374838,nm4283131,nm8580522,nm1261484,nm4859760,nm2889073,nm1863751,nm2190895,nm13217346
tt9540450	nm0375551	nm2117765
tt9554620	\N	nm1767080,nm5357929,nm3274691
tt9575106	nm10240780	nm10240780
tt9604992	\N	\N
tt9613598	\N	\N
tt9619366	\N	nm0403568,nm0403569
tt9620092	\N	\N
tt9622484	nm0349610,nm0623107	nm0663365,nm0900220
tt9629370	nm1022024	nm0212544,nm1248468
tt9633420	\N	\N
tt9637796	\N	\N
tt9642604	nm10417368,nm10417369	\N
tt9644318	\N	\N
tt9653828	nm3442420	nm3442420,nm11321415
tt9654270	nm1212876	\N
tt9655972	nm3899464,nm7423090	nm9494676,nm5417792,nm2941131,nm7764826,nm1394917,nm9494391
tt9660732	\N	\N
tt9666158	nm0438457	nm1428092,nm1231472,nm0618682,nm1936606,nm1691063,nm1939379,nm2600199,nm0952055
tt9666256	nm0438457	nm1428092,nm0618682,nm1936606,nm1691063,nm1939379,nm2600199,nm0952055
tt9685774	nm10438173,nm10438170	\N
tt9715292	\N	\N
tt9715624	\N	\N
tt9716952	\N	\N
tt9728774	nm10453722	nm10453724,nm10453722,nm14843154
tt9738350	\N	\N
tt9743542	\N	\N
tt9757574	nm4934851,nm7182028,nm4473363,nm4540894,nm9454991,nm10377741	nm4779832,nm5727175,nm3904462,nm4443442,nm6185615
tt9758424	\N	\N
tt9768578	nm5156799,nm3137290,nm1957846,nm6184395	nm3455896,nm5156036,nm5156799,nm1875325
tt9776232	\N	\N
tt9782262	\N	\N
tt9796264	nm1076550	nm9649666,nm6711499,nm5013322,nm10512110,nm4207641
tt9801116	nm11741514,nm3058370	nm5156036,nm4379163,nm4470706,nm3872633,nm3575029,nm5443466
tt9803398	\N	\N
tt9813282	nm4934851,nm4473363,nm4540894,nm13673028,nm9454991,nm4988549	nm4779832,nm0438471,nm5727175,nm3904462,nm4443442,nm6185615
tt9831048	nm8706928,nm9562214	nm6202142,nm9022084,nm4276236,nm4609476,nm1199935,nm6181064,nm8245357
tt9836540	nm1516005,nm8498176,nm4443289	nm9494566,nm2761502,nm6945450
tt9837390	\N	\N
tt9847426	nm1227859	nm0341311
tt9854186	\N	\N
tt9910216	\N	nm10515764,nm10515763,nm10518788,nm10515765
