tconst	parentTconst	seasonNumber	episodeNumber
tt0084769	tt0806910	1	140
tt0162689	tt0806910	1	203
tt0394320	tt0096542	2	18
tt0465362	tt0388656	\N	\N
tt0504908	tt0285351	3	16
tt0508661	tt0285333	2	5
tt0514304	tt0078562	2	19
tt0516525	tt0111883	2	2
tt0517481	tt0111887	4	11
tt0523730	tt0103363	\N	\N
tt0530202	tt0319960	1	3
tt0533602	tt0426657	1	11
tt0539512	tt0069572	1	5
tt0548520	tt0138228	52	23
tt0551485	tt0247134	1	15
tt0555498	tt0058796	1	8769
tt0556591	tt0044259	9	25
tt0560762	tt0224861	2	24
tt0566921	tt0086702	1	13
tt0568966	tt0088512	1	2785
tt0569918	tt0376391	1	4
tt0570159	tt0379623	1	98
tt0580059	tt0217205	6	10
tt0586721	tt0056758	1	10157
tt0588408	tt0434655	1	1
tt0592324	tt0281447	4	11
tt0595246	tt0443303	1	4
tt0599452	tt0480610	1	10
tt0603557	tt0101120	8	27
tt0614824	tt0072519	9	5
tt0615344	tt0392974	1	7
tt0615837	tt0320037	4	39
tt0616373	tt0296361	\N	\N
tt0622170	tt0056768	2	6
tt0625878	tt0305056	\N	\N
tt0631504	tt0423688	1	1
tt0631931	tt0047750	4	10
tt0634380	tt0373558	\N	\N
tt0638352	tt0068098	3	13
tt0648569	tt0075537	1	10
tt0654277	tt0391668	1	23
tt0660225	tt0112095	1	3
tt0661108	tt0125634	7	2
tt0664364	tt0161179	3	3
tt0668105	tt0290367	1	24
tt0674494	tt0040049	1	40
tt0688184	tt0411022	2	10
tt0691418	tt0058844	3	11
tt0693895	tt0477534	\N	\N
tt0698358	tt0362372	2	28
tt0700249	tt0108925	2	7
tt0700650	tt0101198	3	18
tt0705732	tt0466420	\N	\N
tt0708994	tt0112178	5	9
tt0714856	tt0374257	2	9
tt0718170	tt0403813	1	33
tt0728547	tt0103569	10	84
tt0731010	tt0139803	28	29
tt0731309	tt0139803	34	37
tt0733881	tt0159187	3	13
tt0737607	tt0094574	\N	\N
tt0743886	tt0353113	2	3
tt0744537	tt0112220	2	16
tt0745256	tt0471048	1	8
tt0747141	tt0252096	1	9
tt0760851	tt0419344	3	1
tt0767705	tt0181260	35	17
tt0770311	tt0163461	2	2
tt0771394	tt0450907	2	16
tt0781949	tt0780421	\N	\N
tt0797713	tt0130422	1	8
tt0803457	tt0275822	5	26
tt0807661	tt0804410	\N	\N
tt0821733	tt0045447	2	7
tt0825957	tt0101177	10	8
tt0831170	tt0353070	1	29
tt0836847	tt0084987	22	78
tt0837966	tt0182576	5	2
tt0839174	tt0413583	1	3
tt0844271	tt0149541	\N	\N
tt0849861	tt0061240	3	25
tt0854560	tt0312172	5	9
tt0870224	tt0044230	6	35
tt0871501	tt0189296	16	11
tt0872840	tt0862576	1	14
tt0874440	tt0092322	\N	\N
tt0874744	tt0819710	1	23
tt0876696	tt0062562	6	13
tt0883098	tt0426701	\N	\N
tt0897623	tt0073993	1	8
tt0898745	tt0045435	3	20
tt0906469	tt0397812	\N	\N
tt0908773	tt0445135	11	4
tt0912486	tt0149541	\N	\N
tt0923237	tt0095331	1	10
tt0933419	tt0041007	8	30
tt0937177	tt0166064	18	10
tt0937284	tt32873001	1	8
tt0941219	tt0138228	20	43
tt0941680	tt0816386	1	17
tt0943002	tt0480302	1	8
tt0946817	tt0050072	9	6
tt0949206	tt0163503	10	3
tt0953212	tt0159904	4	16
tt0955564	tt0390725	2	7
tt0965837	tt0138228	29	20
tt0966767	tt0455061	5	1
tt0968510	tt0773264	1	3
tt0969097	tt0821927	1	93
tt0970801	tt0968720	4	5
tt0987149	tt0159884	3	4
tt10003342	tt8927812	1	3
tt1000348	tt0445116	1	2
tt10010398	tt0913001	\N	\N
tt1001109	tt0063951	35	4
tt10027808	tt0236919	1	154
tt10035704	tt6826244	1	94
tt10054700	tt1808713	\N	\N
tt10056868	tt2247207	7	66
tt10057616	tt1708446	1	225
tt10057664	tt1889878	1	264
tt1006059	tt0994561	1	10
tt10069402	tt0887983	\N	\N
tt10069600	tt1491938	1	362
tt1007788	tt0305109	\N	\N
tt10098254	tt0355143	\N	\N
tt1010211	tt0484951	4	4
tt10108866	tt3911870	1	275
tt10122434	tt1409723	1	2
tt10128340	tt9832002	\N	\N
tt10129546	tt3911870	1	162
tt1014332	tt1011499	1	5
tt1015494	tt0424586	\N	\N
tt1016364	tt0424586	\N	\N
tt10184258	tt7834636	3	16
tt10187082	tt7890304	2	16
tt10187398	tt5097258	16	5
tt10207118	tt9869336	1	7
tt10207838	tt10204216	1	3
tt10229378	tt3027156	12	1
tt10231064	tt7955212	1	67
tt10232744	tt0303561	\N	\N
tt10244298	tt1144839	\N	\N
tt10265314	tt1144839	\N	\N
tt10271844	tt0063967	1	342
tt10287030	tt5732540	4	25
tt10294590	tt10200072	\N	\N
tt10294596	tt1833517	8	13
tt10295354	tt0053536	\N	\N
tt10299732	tt10299506	1	1
tt10306496	tt10268080	1	10
tt10320454	tt1296525	2	106
tt10329458	tt9359492	1	6
tt10331548	tt7112704	1	47
tt10342744	tt10250712	1	14
tt1035714	tt0189307	1	149
tt10360940	tt1507820	1	5
tt10364796	tt10014412	1	138
tt10365250	tt0482346	13	573
tt10367760	tt7401524	1	87
tt10367918	tt0088543	2	9
tt10375652	tt0094481	1	7093
tt1038279	tt0890935	1	4
tt10396564	tt9249026	1	83
tt10396810	tt7349730	2	161
tt10400096	tt6518878	10	90
tt10406310	tt10014412	1	1490
tt10408554	tt9815566	1	49
tt10421824	tt10298328	1	1
tt10429562	tt0439344	5	157
tt10448748	tt10448672	1	4
tt10480702	tt0065346	1	328
tt10505186	tt10483250	1	8
tt10534384	tt9642838	1	5
tt10574926	tt0273380	4	16
tt1058243	tt0162076	1	3602
tt1060083	tt0375369	\N	\N
tt10606982	tt10259620	2	3
tt10608606	tt8611060	\N	\N
tt1061270	tt0493329	4	7
tt1062477	tt0092325	1	3456
tt10638864	tt3230032	\N	\N
tt10647548	tt0045446	1	95
tt10647622	tt0045446	1	199
tt10650304	tt6118160	9	14
tt10656886	tt10626550	1	478
tt10665560	tt5483306	1	6
tt10682492	tt0446224	1	159
tt10684194	tt8998028	1	522
tt1069872	tt0072559	1	80
tt10699766	tt8998028	1	2085
tt10706466	tt10162946	1	337
tt10710762	tt8998028	1	948
tt10723032	tt6420682	1	326
tt1072802	tt0441917	3	205
tt10735992	tt0303443	\N	\N
tt10736236	tt10735938	1	2
tt10741306	tt10591946	1	10
tt10747368	tt2780380	7	27
tt10747626	tt8993360	1	2950
tt10761518	tt0143055	32	45
tt10769744	tt8993360	1	1880
tt10786656	tt10471388	1	8
tt10824156	tt10613514	1	7
tt10833718	tt0338670	\N	\N
tt1083499	tt0065272	1	9643
tt10847396	tt5292408	1	355
tt10852262	tt10720724	1	2
tt10866996	tt5292408	1	138
tt1087067	tt1039793	1	31
tt10870834	tt0444744	1	34
tt1091975	tt0391687	5	63
tt10920298	tt10283742	3	28
tt10929386	tt10721080	2	3
tt10940178	tt10940112	1	8
tt10949996	tt8009586	1	2
tt1096406	tt0375433	1	179
tt1097319	tt0778567	1	5
tt10986292	tt10950840	1	4
tt10994320	tt5454638	\N	\N
tt1099508	tt0252769	2	25
tt10995396	tt5454638	\N	\N
tt11002072	tt4969662	1	1
tt11006180	tt0446224	1	1935
tt11011898	tt0382449	\N	\N
tt11012576	tt1151168	\N	\N
tt11028600	tt0836500	\N	\N
tt11039986	tt10886554	1	1647
tt11049640	tt10340916	1	490
tt11056202	tt2784810	7	218
tt1105917	tt1021031	9	34
tt11065702	tt11064762	1	2
tt11080820	tt0429434	26	1
tt11081376	tt8240706	1	15
tt11082812	tt10162658	1	1086
tt11090936	tt11090886	1	15
tt11101386	tt0396384	\N	\N
tt11118778	tt10339970	1	192
tt11123250	tt10814438	1	4
tt11126126	tt8929630	\N	\N
tt1113330	tt0997196	1	57
tt1113456	tt0055686	2	25
tt11173716	tt11157384	3	30
tt11176704	tt11144104	1	2
tt11179594	tt11120196	1	1657
tt11180012	tt11177428	1	3
tt11189812	tt10285314	1	46
tt11193744	tt0082201	1	222
tt11197442	tt0041055	\N	\N
tt11198362	tt8765092	1	3
tt11206758	tt6128606	4	44
tt1121354	tt0294081	\N	\N
tt11237110	tt10162964	1	373
tt11237878	tt8300816	1	1
tt11241316	tt9668600	1	8
tt11244276	tt6267820	1	118
tt11250080	tt6267820	1	140
tt11253256	tt2117503	4	45
tt11254036	tt11162262	1	36
tt11264890	tt0131689	1	1194
tt11274088	tt8738020	5	8
tt11290896	tt11225230	1	5
tt11295348	tt0343316	\N	\N
tt1131190	tt0197155	4	6
tt11324964	tt1542802	1	117
tt11332962	tt11331736	5	1
tt11334976	tt11192392	1	187
tt11339044	tt11299474	2	530
tt11339092	tt7001202	\N	\N
tt11340514	tt1542802	1	372
tt11342298	tt5454638	\N	\N
tt11354692	tt4265944	4	29
tt11360036	tt11299474	2	401
tt11364848	tt0401922	4	816
tt11378474	tt10692326	8	244
tt11398380	tt11050800	1	7
tt11413464	tt0128176	1	3361
tt11426628	tt2070564	\N	\N
tt11436156	tt6650508	1	582
tt11441240	tt11304754	1	158
tt11460014	tt10692326	3	250
tt11467946	tt10196134	1	282
tt11470616	tt11274898	1	441
tt11472098	tt10196106	1	96
tt11472188	tt9916216	1	295
tt11472878	tt7279136	\N	\N
tt11490020	tt1124352	1	167
tt1149091	tt0449749	\N	\N
tt11501478	tt11239552	1	14
tt11508120	tt0289804	\N	\N
tt11508846	tt11457016	1	270
tt1150983	tt0479842	3	9
tt11519850	tt4270492	5	8
tt11525098	tt5575896	1	2
tt11525980	tt3683038	13	11
tt11526796	tt5586510	1	148
tt1152990	tt0135105	1	4
tt11548306	tt7652094	\N	\N
tt11552598	tt6906970	\N	\N
tt11555462	tt11501568	1	275
tt11560850	tt9336476	3	7
tt11566554	tt11027962	1	148
tt11572146	tt10157638	1	423
tt11576060	tt11510700	\N	\N
tt11578596	tt10371028	1	61
tt11578878	tt11349022	1	54
tt11605876	tt10495936	1	158
tt1160790	tt1441589	1	2
tt11613180	tt1783206	1	21
tt11614968	tt0409629	\N	\N
tt11618692	tt10303154	2	104
tt11621832	tt0315004	\N	\N
tt11634840	tt11183204	\N	\N
tt11644630	tt0165020	2	11
tt11648918	tt11608094	1	142
tt11653452	tt10071522	1	109
tt11659956	tt10876286	1	131
tt11660038	tt6174204	6	14
tt1166530	tt0196270	1	33
tt11667932	tt11665842	1	4
tt11668498	tt8350136	\N	\N
tt11675654	tt4690816	6	8
tt1170535	tt0312103	3	24
tt11708436	tt1442070	11	96
tt11709194	tt2364381	\N	\N
tt11717268	tt11608020	1	1000
tt11721372	tt7690392	1	164
tt11727398	tt7690392	1	182
tt11772674	tt3087620	1	63
tt1178039	tt0118375	12	11
tt11782556	tt4739444	5	43
tt1179495	tt0052446	1	16
tt1179617	tt0805418	4	18
tt11823262	tt11822610	\N	\N
tt11825354	tt4476002	1	676
tt11826870	tt2053650	1	946
tt11827084	tt7956374	2	24
tt11844944	tt11839938	1	8
tt11857312	tt10162506	1	205
tt11871820	tt11865560	4	20
tt1187528	tt0487821	1	2
tt11888034	tt4476002	1	2740
tt1188816	tt0247880	\N	\N
tt11888518	tt10540162	1	1091
tt1191303	tt0086689	9	66
tt1192213	tt0266134	\N	\N
tt11925568	tt10333686	2	5
tt11931838	tt3201906	1	895
tt11934594	tt0426769	6	25
tt11941168	tt11478246	1	6
tt11949328	tt11753318	1	1227
tt11960866	tt11784978	1	877
tt11972226	tt6611016	1	706
tt11975178	tt11780858	2	14
tt11977734	tt7978240	1	1565
tt11987234	tt11986720	1	5
tt11994384	tt6611016	1	571
tt11997308	tt11963320	1	5
tt12001120	tt9291280	\N	\N
tt12002364	tt2048994	1	12
tt12019390	tt0319931	18	9
tt12021124	tt7657494	4	47
tt12023782	tt1086193	1	2791
tt12042248	tt12038752	1	15
tt12045672	tt10340592	1	723
tt12065968	tt12060176	1	6
tt12071350	tt1147366	\N	\N
tt12079006	tt3785400	9	5
tt12090180	tt10375726	1	76
tt12123662	tt12092480	1	1005
tt1213387	tt0044265	1	15392
tt12140170	tt12118298	1	49
tt12142182	tt10306280	25	64
tt12148650	tt12118298	3	13
tt12157626	tt1747551	11	5
tt12182702	tt12176598	1	12
tt12204454	tt0197161	4	25
tt12214076	tt0313091	7	179
tt12217524	tt0441074	\N	\N
tt12224100	tt4469212	1	637
tt12253982	tt0313091	12	147
tt1227062	tt1201017	1	36
tt12273204	tt2403634	2	27
tt12275370	tt9168904	1	28
tt12318200	tt0759364	15	2
tt1231895	tt0068120	2	190
tt12320940	tt0178146	2	24
tt12328064	tt0353044	1	2172
tt1233178	tt1128052	1	11
tt12377908	tt0115227	7	45
tt12381458	tt12193120	1	25
tt12390994	tt0115227	16	27
tt12407996	tt0289832	6	32
tt12416056	tt9242538	5	3
tt12418516	tt0283172	28	23
tt12419956	tt11289784	1	190
tt12430596	tt0115227	8	231
tt12453274	tt0236914	3	24
tt12454782	tt0283172	56	15
tt12460318	tt0103487	1	3139
tt12482236	tt12222722	1	11
tt12486618	tt0048860	1	4522
tt12504984	tt1585955	\N	\N
tt12507342	tt0046641	1	1224
tt12510648	tt0254031	1	246
tt12519766	tt12223680	1	116
tt12530760	tt12502614	1	2
tt12536140	tt12306668	1	60
tt12537772	tt0188328	1	14
tt12543346	tt12536456	1	30
tt12569794	tt0048860	1	4783
tt12575580	tt10183662	1	153
tt12576696	tt5453080	3	126
tt12577160	tt1281308	1	1
tt12583694	tt0282291	19	47
tt12599636	tt12462748	10	12
tt12601448	tt12589502	1	11
tt12612718	tt7989888	\N	\N
tt12623204	tt0318901	1	24
tt1262717	tt0069602	27	10
tt12627962	tt12153588	1	317
tt12640130	tt12158742	1	163
tt12655620	tt0369117	190	1
tt12662200	tt8064302	3	1
tt12667744	tt0412192	1	19
tt12738918	tt0346307	8	82
tt12746972	tt4539262	7	224
tt12757246	tt6341050	\N	\N
tt12765998	tt12306946	1	56
tt12766194	tt0175383	1	9310
tt12767354	tt12762464	\N	\N
tt12777382	tt12404034	1	154
tt12789634	tt12784758	\N	\N
tt12795910	tt12106682	1	117
tt12796590	tt10305440	1	417
tt12802562	tt12142084	\N	\N
tt12809096	tt12269610	1	41
tt1282741	tt0170930	19	12
tt12827784	tt0043214	1	2789
tt12857780	tt12306280	1	37
tt12860592	tt0416426	\N	\N
tt12896256	tt12269542	1	493
tt12916082	tt12824922	1	1
tt12954518	tt1807575	2	14
tt12957074	tt1111259	1	23
tt12962632	tt0069658	1	865
tt12966250	tt12945884	1	30
tt12975500	tt0175383	1	32
tt1299128	tt0092419	1	5
tt12992742	tt12892750	1	21
tt12995204	tt12229096	1	38
tt13012798	tt12653648	\N	\N
tt13019634	tt0182607	22	2
tt13020624	tt12229190	2	58
tt13029340	tt13012952	\N	\N
tt13041332	tt12223194	1	142
tt13042414	tt12229190	1	1135
tt13047526	tt12228886	1	98
tt13088868	tt12368964	1	412
tt1310463	tt1239474	1	20
tt13127992	tt12229564	2	109
tt13132534	tt12637978	1	120
tt13132834	tt12229564	1	144
tt1315117	tt0388619	\N	\N
tt13157922	tt12263940	1	491
tt13159968	tt0138228	78	72
tt13164054	tt12263940	1	1490
tt13165212	tt0229890	6	24
tt13177270	tt0120986	9	142
tt13183572	tt0437758	3	163
tt1318506	tt0088554	1	1175
tt13194640	tt13186774	1	7
tt13212492	tt7997010	1	350
tt1321646	tt0055679	1	28
tt13219084	tt0386988	\N	\N
tt13220640	tt0120992	3	232
tt13230760	tt4469214	9	23
tt13243362	tt13210764	1	8
tt13262628	tt1461349	\N	\N
tt13285428	tt0106113	9	55
tt1329077	tt1294092	1	46
tt1329893	tt1112587	1	39
tt1330452	tt0068120	7	2
tt13345302	tt2070564	\N	\N
tt1335954	tt1294130	1	55
tt13363312	tt0965332	3	4
tt13373270	tt13296670	2	4
tt13376318	tt13376258	1	1
tt13386662	tt11289784	1	352
tt13397810	tt13397576	\N	\N
tt13429214	tt13429038	1	6
tt13436942	tt0270116	13	94
tt13441322	tt0270116	12	111
tt13460498	tt1094354	1	1092
tt1346433	tt0053494	1	2679
tt13472210	tt9077350	2	25
tt13472494	tt0088550	1	642
tt13474948	tt0088550	1	852
tt1348722	tt0396352	\N	\N
tt1348733	tt0090492	1	25
tt13502464	tt0486535	\N	\N
tt13520530	tt0088550	1	5054
tt13529194	tt13529176	1	3
tt13542688	tt0088550	1	2933
tt1355033	tt1342356	\N	\N
tt13558608	tt0402644	1	272
tt13585856	tt0088598	1	80
tt13592560	tt0424691	\N	\N
tt13597706	tt0044270	10	96
tt13600336	tt13114020	1	88
tt13601430	tt12741934	\N	\N
tt13602630	tt0159877	1	696
tt13605108	tt2059823	\N	\N
tt13605742	tt12975108	\N	\N
tt1361171	tt1191980	2	12
tt13648226	tt13528572	\N	\N
tt13654262	tt13652646	1	5
tt1365706	tt0111920	\N	\N
tt1365937	tt1364369	1	1
tt13666116	tt13654888	1	57
tt13667788	tt12572134	1	90
tt1367555	tt0051267	4	6
tt13677184	tt13491806	1	2
tt13679672	tt0306364	1	659
tt13730708	tt0421096	1	115
tt13741972	tt0463824	6	173
tt13750396	tt0452919	1	574
tt13781144	tt0445873	2	5
tt13794074	tt0118435	1	1561
tt1380462	tt1294889	1	1
tt13811172	tt0408407	\N	\N
tt13819318	tt13727068	6	1
tt13828762	tt4979804	\N	\N
tt13851354	tt0270147	1	282
tt13866272	tt13376478	3	12
tt13892122	tt13675992	1	181
tt13908440	tt2235082	1	926
tt13933568	tt12546614	1	147
tt13934804	tt3725872	1	335
tt13938854	tt13274172	1	143
tt13946032	tt4973750	1	334
tt13949248	tt12839508	1	10
tt13960772	tt4741930	1	318
tt13971934	tt7112704	1	3319
tt13975530	tt3725872	1	227
tt14000506	tt3117654	1	581
tt14008714	tt4369130	1	14
tt14017196	tt0429346	\N	\N
tt14041622	tt0108897	3	231
tt14071720	tt8239172	1	3
tt14074064	tt14064080	1	3
tt14081292	tt14078262	1	8
tt14096532	tt9824886	\N	\N
tt14117424	tt2172496	1	2
tt14132450	tt9305592	1	212
tt14132636	tt12531904	1	376
tt14139080	tt6128300	4	4
tt14139120	tt0307837	1	680
tt14141836	tt1084587	14	91
tt1415454	tt0454730	\N	\N
tt14180908	tt6108056	\N	\N
tt14181386	tt0135733	38	23
tt14197648	tt2364308	1	2324
tt14204622	tt10340822	1	409
tt1420609	tt0294020	\N	\N
tt14227734	tt6402058	1	7
tt14234192	tt10305452	1	723
tt14244806	tt7178298	8	19
tt1425330	tt0331756	2	4
tt14280972	tt7997010	1	349
tt14301388	tt14162494	\N	\N
tt14330038	tt3622652	1	23
tt14331240	tt3247300	3	118
tt14339490	tt12546650	1	27
tt14339894	tt14022938	2	13
tt14358744	tt12546564	1	1263
tt14360894	tt0302151	\N	\N
tt14367394	tt12531840	1	345
tt14378688	tt14331396	1	193
tt14396574	tt0406394	\N	\N
tt14397412	tt13398890	2	35
tt1443693	tt1343645	1	10
tt14455998	tt13545840	1	172
tt14474474	tt0168275	\N	\N
tt14475282	tt13357878	\N	\N
tt14477998	tt5240892	3	6
tt14483046	tt9068332	2	24
tt1448400	tt0412250	\N	\N
tt14510098	tt5433062	2	2
tt14521094	tt14293010	\N	\N
tt14554758	tt12546734	1	278
tt14570766	tt14352500	\N	\N
tt14571260	tt1415000	\N	\N
tt14576282	tt14576098	1	6
tt14590272	tt0291654	1	4
tt14594170	tt14375356	1	551
tt14631314	tt0220735	11	4
tt14678666	tt13627102	1	112
tt14682726	tt14362274	1	14
tt1468455	tt0053494	1	7108
tt14702070	tt5193522	\N	\N
tt14711192	tt14476220	1	632
tt14712394	tt10267424	1	136
tt14718364	tt12234310	1	163
tt14731386	tt5193522	\N	\N
tt14743792	tt14681184	1	144
tt14752846	tt13315772	1	10
tt14776850	tt14641356	1	98
tt14784774	tt6531122	2	6
tt14787406	tt14747220	1	8
tt14795478	tt14164244	1	29
tt1479924	tt0320037	3	37
tt14810848	tt8055128	\N	\N
tt14816360	tt14641356	1	443
tt14835258	tt14732316	1	420
tt14842596	tt12404114	1	89
tt1484529	tt1210541	\N	\N
tt14848496	tt1281973	6	50
tt14858212	tt0236924	1	145
tt1486888	tt0905574	3	15
tt14874604	tt14752302	1	575
tt1488928	tt0372086	4	12
tt14889616	tt5623948	1	746
tt14891502	tt6538034	3	1
tt14895530	tt6428704	1	34
tt14906726	tt14811358	2	8
tt14909498	tt0267214	3	9
tt14910462	tt6558936	1	364
tt1491741	tt1488217	1	2
tt14923736	tt1634528	1	13
tt14925334	tt14770730	1	871
tt14925482	tt0270925	1	389
tt14930528	tt6558936	1	1645
tt1493689	tt0068120	10	192
tt14942510	tt5775024	2	6
tt1494355	tt0068120	11	194
tt14957906	tt14831206	1	280
tt14965656	tt12822866	\N	\N
tt14986704	tt0403814	\N	\N
tt14986792	tt14981326	\N	\N
tt14990762	tt5915452	5	11
tt15008278	tt0377281	1	2614
tt15019442	tt0377281	1	2884
tt15019704	tt0377281	1	1681
tt1502049	tt1492009	1	13
tt15023780	tt13206602	1	8
tt15033974	tt12548882	2	20
tt15037768	tt6558936	1	2942
tt15044850	tt0377281	1	2984
tt15063488	tt4207940	1	673
tt15066684	tt13871784	\N	\N
tt15078894	tt6341912	\N	\N
tt15086060	tt14527610	1	5
tt15088058	tt4207940	1	1154
tt1509644	tt0805797	5	1
tt15098828	tt5644718	1	253
tt15101378	tt15100076	2	1
tt15106438	tt0194599	1	5018
tt15111680	tt5973002	\N	\N
tt15112514	tt10348288	3	23
tt15119530	tt15092600	1	10
tt1511988	tt0063890	1	25
tt15138452	tt14845932	19	76
tt15146380	tt12423408	4	50
tt15154580	tt5787544	\N	\N
tt15154614	tt15067952	\N	\N
tt15162292	tt0211178	1	75
tt15167044	tt8836830	1	1008
tt15168378	tt15127626	1	14
tt15169418	tt14187980	7	30
tt15179188	tt6602416	1	457
tt1517964	tt1515984	1	54
tt1518532	tt0350448	7	29
tt15187776	tt0220895	2	2
tt1521376	tt0366050	\N	\N
tt1521970	tt0144044	1	6
tt1522650	tt0335749	\N	\N
tt15236496	tt15161350	4	254
tt15242610	tt1691234	1	74
tt15248646	tt8998028	1	3754
tt15257890	tt15245768	1	1
tt15265056	tt8682874	3	131
tt15283510	tt15119410	1	2047
tt15295786	tt0434661	1	4
tt15305578	tt9760930	2	24
tt15316688	tt8339400	2	136
tt15317718	tt15119410	1	2909
tt15323222	tt12618452	1	1570
tt15325712	tt15175236	1	4
tt15330874	tt9540726	\N	\N
tt15332576	tt1880454	\N	\N
tt15335780	tt12369190	1	281
tt15336380	tt13358186	1	171
tt15337996	tt15321310	2	2
tt15344712	tt8961296	1	1092
tt15360348	tt3444938	9	22
tt15373296	tt8295370	10	2
tt15392676	tt9502126	\N	\N
tt15413760	tt0441955	1	306
tt15420648	tt15417708	3	5
tt1542105	tt1488217	1	60
tt15428648	tt8115462	1	6
tt15446250	tt15210240	1	5
tt15450122	tt11867686	1	201
tt15465850	tt15114450	1	43
tt15475710	tt14352818	\N	\N
tt1548128	tt0459624	6	6
tt15496846	tt4320456	2	9
tt15510836	tt8101930	2	82
tt15524976	tt4469212	1	1608
tt15540270	tt15535782	2	1
tt15545512	tt0418372	17	37
tt15552710	tt15552524	1	6
tt15557952	tt9788414	2	15
tt15571504	tt15276630	2	19
tt15586360	tt0380100	\N	\N
tt15630254	tt12164062	\N	\N
tt15633384	tt12164062	\N	\N
tt15645786	tt12164062	\N	\N
tt15650440	tt12164062	\N	\N
tt1566721	tt0072559	1	1241
tt15673748	tt0296388	\N	\N
tt15674148	tt0162829	21	8
tt15675530	tt2383386	1	1148
tt15684942	tt15678828	1	3
tt15691742	tt9494016	5	13
tt15694830	tt2383386	1	2904
tt15696250	tt15463600	1	888
tt15742682	tt0199249	1	3491
tt15762502	tt0117367	9	23
tt15779904	tt0117367	12	64
tt15788878	tt0117367	7	139
tt15798392	tt4171680	5	173
tt1580583	tt0185049	\N	\N
tt15821916	tt0117367	13	177
tt15823262	tt0162076	31	52
tt15831266	tt15750738	1	5
tt15856888	tt14892712	2	24
tt15862246	tt15594774	\N	\N
tt15872344	tt12644388	\N	\N
tt15875766	tt13034098	\N	\N
tt15884264	tt15878668	\N	\N
tt15889480	tt15878668	\N	\N
tt15905352	tt15893082	\N	\N
tt15909146	tt14802262	\N	\N
tt15922956	tt15899988	\N	\N
tt1592495	tt1438515	1	108
tt15927502	tt15899988	\N	\N
tt15982148	tt15941254	\N	\N
tt15984976	tt15941254	\N	\N
tt15987938	tt15941254	\N	\N
tt15988268	tt15941254	\N	\N
tt15992116	tt15975418	\N	\N
tt16006990	tt2089895	\N	\N
tt1600953	tt0053494	1	7283
tt16046850	tt0117367	24	130
tt16093302	tt16068480	\N	\N
tt16093392	tt16068480	\N	\N
tt16094028	tt16068480	\N	\N
tt1609576	tt1275297	1	157
tt1609623	tt0341901	1	18
tt1611490	tt0870874	\N	\N
tt1612730	tt0059995	\N	\N
tt16161978	tt16116146	1	1
tt1617383	tt0094481	1	5027
tt1619671	tt1591173	7	13
tt16223522	tt0220205	1	11
tt1624605	tt0426708	1	6
tt1626260	tt1601975	2	22
tt1627341	tt0098805	1	1
tt16293182	tt0086790	1	253
tt16299262	tt6445478	1	88
tt16301184	tt0434693	5	40
tt16314842	tt16312154	1	1319
tt16315316	tt16312154	1	1556
tt16317860	tt0057731	1	8593
tt16326656	tt0988827	1	3189
tt1633082	tt0063890	3	60
tt16339518	tt0988827	1	9881
tt16388334	tt1682200	1	273
tt16405784	tt2389428	7	79
tt16412760	tt10167344	1	189
tt16418050	tt7755316	\N	\N
tt16420428	tt0051257	20	58
tt16455084	tt16453688	\N	\N
tt16458958	tt16453688	\N	\N
tt16463404	tt2243286	1	89
tt16493270	tt1736799	\N	\N
tt1654279	tt1587714	\N	\N
tt16604136	tt0484535	1	501
tt1663447	tt0068069	1	5627
tt1665160	tt1521942	1	72
tt16731156	tt7713572	1	122
tt1673155	tt0106052	1	53
tt16741308	tt0166064	9	45
tt16745908	tt0456037	\N	\N
tt16755304	tt14157444	1	145
tt1675905	tt0058796	1	10219
tt16815228	tt0363402	1	646
tt1683363	tt0437758	\N	\N
tt16959918	tt12741934	\N	\N
tt1697165	tt0058796	1	10245
tt16993410	tt0363402	1	4010
tt17005572	tt15179222	2	5
tt17008098	tt11202076	1	414
tt1701029	tt1695587	\N	\N
tt1703352	tt1701251	\N	\N
tt17037216	tt2178157	7	1
tt17040428	tt0072559	1	3413
tt17066606	tt17066470	1	8
tt17077624	tt0434733	1	6819
tt17118598	tt1075774	1	6
tt17153622	tt0434733	1	6565
tt17155998	tt13619070	5	2
tt17156146	tt16603592	1	1
tt1716824	tt1711559	1	2
tt17174910	tt7826376	2	6
tt1718253	tt1569544	2	3
tt1718311	tt1677628	1	7
tt1723553	tt0361246	\N	\N
tt17276746	tt0434733	1	5920
tt1728890	tt0044265	1	14575
tt17319052	tt0484535	1	6997
tt17336840	tt0048907	7	20
tt1733748	tt1219862	3	8
tt1734288	tt0318220	\N	\N
tt17348802	tt0498978	\N	\N
tt1736080	tt1695352	1	20
tt1737366	tt1658997	1	18
tt1738187	tt0050030	4	30
tt1744508	tt1735367	1	16
tt1749531	tt0088512	1	4098
tt17516146	tt17013904	1	1410
tt17525950	tt11905274	9	8
tt17539304	tt10196152	2	278
tt17646708	tt17519458	1	3
tt17663448	tt2113273	1	1005
tt1768404	tt0260612	2	11
tt17686596	tt10287466	5	25
tt17791378	tt17545626	1	128
tt1780011	tt1649894	\N	\N
tt1784261	tt0096537	\N	\N
tt17890446	tt8198328	1	6
tt1789563	tt1480165	1	335
tt18040804	tt14825506	\N	\N
tt18079632	tt15185844	\N	\N
tt18082564	tt17052148	1	4
tt18096582	tt9153270	5	6
tt1811803	tt0241098	\N	\N
tt1822857	tt1806478	1	24
tt18229976	tt2113273	1	1193
tt18252676	tt11827352	\N	\N
tt1826257	tt0776747	4	9
tt18277220	tt18246948	1	137
tt18285924	tt5531360	\N	\N
tt18291080	tt17519494	1	16
tt18328124	tt9010994	\N	\N
tt18336736	tt2235082	1	6410
tt18339386	tt14547620	2	4
tt18351884	tt14844208	2	63
tt18363308	tt0380086	\N	\N
tt18378356	tt18548812	\N	\N
tt18443746	tt13976668	\N	\N
tt1850316	tt0824262	2	8
tt18544070	tt0402706	1	595
tt18564002	tt4911710	1	589
tt18571550	tt4979824	\N	\N
tt1866364	tt1863524	2	4
tt1866433	tt1856938	4	27
tt18749408	tt0136668	\N	\N
tt18750628	tt2093350	3	63
tt18751994	tt18135286	1	16
tt1875931	tt1266997	\N	\N
tt1877990	tt1868207	4	21
tt1889975	tt0088554	1	426
tt18925352	tt1013861	8	88
tt18948370	tt18884246	1	1
tt18949080	tt18559740	1	262
tt18950428	tt18554528	1	3
tt1898029	tt0375248	\N	\N
tt19037352	tt15409342	6	83
tt19043092	tt18989310	1	57
tt19043582	tt0329829	13	21
tt1906188	tt0149534	16	171
tt1908005	tt1462208	\N	\N
tt1913945	tt0259158	2	35
tt1915722	tt0219434	\N	\N
tt1919717	tt0373547	\N	\N
tt19266714	tt9785360	1	62
tt19352018	tt16807048	3	32
tt19355408	tt17048656	1	1
tt19357638	tt15730818	1	26
tt19362570	tt0315719	20	49
tt19382592	tt11465472	\N	\N
tt19400822	tt10810348	1	5
tt19400828	tt0344642	1	7507
tt1946842	tt1688211	1	172
tt19514918	tt15790700	\N	\N
tt1952079	tt1038927	\N	\N
tt1953389	tt1933249	1	1
tt1960677	tt0088580	1	2599
tt1961910	tt0470001	\N	\N
tt19632890	tt13080428	1	63
tt19638270	tt15398834	\N	\N
tt19671026	tt15742642	1	64
tt1969764	tt1722611	2	8
tt19716138	tt14609502	1	6
tt19723750	tt0344642	1	8143
tt19727142	tt0932859	1	76
tt19849384	tt19838650	1	9
tt19861232	tt19859254	3	3
tt19867632	tt14296844	1	81
tt1991720	tt1802698	1	6
tt2000737	tt0447736	\N	\N
tt20011016	tt19263906	1	319
tt2004995	tt1780595	1	52
tt20119594	tt13858680	2	7
tt20157404	tt2364308	1	5179
tt2017421	tt0072584	7	23
tt2021354	tt0395043	\N	\N
tt20214664	tt8885726	5	4
tt20224826	tt11274898	\N	\N
tt20227754	tt18272856	1	157
tt20257892	tt9165512	4	8
tt2029591	tt0395043	\N	\N
tt2039229	tt0372101	\N	\N
tt20412454	tt9169598	7	1
tt20421738	tt13545492	1	319
tt20427398	tt14162842	1	687
tt20446680	tt11680710	\N	\N
tt2046610	tt0444746	\N	\N
tt2047063	tt1870086	\N	\N
tt2048356	tt1177564	\N	\N
tt20503428	tt18305720	1	163
tt2052611	tt0447759	\N	\N
tt20596850	tt0048907	9	173
tt20598470	tt17065486	1	50
tt20601916	tt15532826	\N	\N
tt20633354	tt10293798	4	9
tt2067187	tt0813638	\N	\N
tt2068945	tt0400051	1	26
tt20720580	tt12408328	1	4
tt20750798	tt20564220	1	6
tt20781684	tt0175383	1	10164
tt2078228	tt0790508	\N	\N
tt20835126	tt10631792	2	5
tt20852584	tt18095642	1	1
tt20854606	tt19365988	\N	\N
tt20868748	tt0401937	1	1121
tt20878230	tt14603536	\N	\N
tt20880494	tt2190581	\N	\N
tt2088586	tt0315727	16	42
tt20912636	tt20871524	7	3
tt2097722	tt1974895	1	29
tt2107945	tt0837293	\N	\N
tt21081790	tt6518878	13	105
tt21082232	tt14157366	1	845
tt21108516	tt9044932	1	1139
tt21113106	tt19818550	1	44
tt21148366	tt15404764	1	8
tt21154128	tt21149774	1	6
tt21155786	tt16493196	1	85
tt21156940	tt3612488	7	163
tt21206348	tt1416611	1	269
tt21211192	tt14811706	2	8
tt21211984	tt15138496	1	291
tt21214178	tt10006504	1	89
tt21231460	tt2360934	1	137
tt21251428	tt0375446	1	5327
tt21267874	tt8320522	2	4
tt21270218	tt0880583	1	353
tt21287202	tt12164342	6	100
tt21308414	tt3695158	9	143
tt2134382	tt0429316	1	4
tt21355086	tt0264299	1	13
tt21358068	tt6906970	\N	\N
tt2135936	tt0461447	\N	\N
tt21397918	tt18250578	1	3
tt21400872	tt0316977	22	22
tt21406280	tt0413598	5	43
tt21431948	tt5164596	1	463
tt21506568	tt0476038	\N	\N
tt21607864	tt0072506	\N	\N
tt21611692	tt0423713	14	218
tt21624714	tt21376674	1	50
tt21629672	tt12351364	1	532
tt21635238	tt14069590	3	4
tt2172251	tt1002838	6	11
tt21737208	tt15683428	2	5
tt21761094	tt21747100	2	154
tt2178281	tt1891062	\N	\N
tt21793158	tt15798526	1	117
tt21797430	tt21742516	1	88
tt21806184	tt14888568	1	113
tt2180974	tt0972534	6	6
tt2184444	tt2173020	1	4
tt2189591	tt1840725	\N	\N
tt2192482	tt0194597	2	57
tt21973170	tt5844326	1	61
tt21978492	tt7336640	1	62
tt22009470	tt12193724	1	595
tt2203305	tt1967315	3	2
tt22037752	tt0227974	2	44
tt2204072	tt1831504	2	3
tt2205434	tt1967111	4	85
tt22081052	tt13806314	1	46
tt2208917	tt2135512	1	7
tt2210788	tt2284003	1	10
tt22164564	tt6973396	1	45
tt22186718	tt12670990	1	14
tt2218839	tt0463397	\N	\N
tt2219336	tt0827947	\N	\N
tt22235576	tt0298683	1	193
tt2227518	tt0072584	10	102
tt22302756	tt12504214	2	15
tt2238440	tt1132615	4	157
tt22462554	tt0298683	1	648
tt22466196	tt11714912	6	0
tt22467608	tt11150912	2	8
tt22467728	tt0787880	\N	\N
tt2247755	tt0477526	6	8
tt22497084	tt22495312	\N	\N
tt22501420	tt9913862	7	95
tt22525594	tt1404332	13	17
tt2253761	tt0294205	\N	\N
tt2254518	tt0240291	39	114
tt2261406	tt0159881	11	223
tt2262813	tt1304774	\N	\N
tt2263415	tt1761611	1	126
tt22641338	tt12624544	2	1
tt2267008	tt1746642	\N	\N
tt2268910	tt0356286	\N	\N
tt2271562	tt2324587	1	6
tt2272693	tt1095213	\N	\N
tt22748872	tt22462452	\N	\N
tt22807738	tt6558110	6	240
tt22871826	tt22798268	1	5
tt2287766	tt0882233	\N	\N
tt22899710	tt0062595	1	856
tt22931568	tt1829919	4	125
tt2296056	tt0375400	\N	\N
tt2297781	tt1320219	9	39
tt2297995	tt1981471	\N	\N
tt22987066	tt22462426	\N	\N
tt22997874	tt12516338	1	3
tt23027482	tt19174300	1	196
tt23050246	tt21141738	1	6
tt23063284	tt13879990	1	533
tt23128970	tt5473842	\N	\N
tt2313031	tt0181269	25	13
tt23130670	tt10873804	1	86
tt2313740	tt2273554	1	6
tt2314625	tt2034403	1	105
tt23185570	tt0310417	1	125
tt2319165	tt0096654	1	2
tt2320189	tt1922836	2	1
tt2333762	tt1988486	7	5
tt2336015	tt0068120	\N	\N
tt2343632	tt0121953	1	3
tt23458694	tt17221014	1	7
tt2350300	tt0373506	\N	\N
tt2353254	tt1066365	\N	\N
tt23549588	tt0405546	1	852
tt23574532	tt16764368	1	6
tt23637130	tt0245592	1	41
tt23650124	tt8638066	15	92
tt23650544	tt0847671	\N	\N
tt23651998	tt11416720	\N	\N
tt2368173	tt1595380	\N	\N
tt2369739	tt0374364	\N	\N
tt2370491	tt0383792	\N	\N
tt2372262	tt2079262	\N	\N
tt23725766	tt8826618	\N	\N
tt2373241	tt0318224	27	8
tt23746630	tt23722172	8	18
tt23747362	tt23722172	10	9
tt2376036	tt0286390	1	1
tt2377904	tt0240267	\N	\N
tt23780374	tt14198162	\N	\N
tt23783558	tt15079894	1	400
tt23788318	tt15906738	7	1
tt23830554	tt17055558	\N	\N
tt23844070	tt22393540	1	112
tt2386173	tt1820359	4	5
tt23897968	tt1456944	1	94
tt23942330	tt15289008	\N	\N
tt2398017	tt1177814	\N	\N
tt23980556	tt14266694	1	133
tt2402869	tt0403813	\N	\N
tt24099432	tt1058776	3	21
tt2413602	tt1877889	1	3
tt24163704	tt0245600	1	48
tt24183102	tt15263870	1	36
tt24245898	tt3778408	1	1
tt24252384	tt24251834	1	5
tt2458274	tt2171596	5	28
tt24656896	tt6769314	\N	\N
tt24657038	tt10375588	1	2
tt2471680	tt2457406	1	13
tt24759674	tt21903754	1	435
tt24856210	tt18595344	\N	\N
tt24918112	tt18329940	1	6
tt2492880	tt1814055	4	40
tt2495328	tt0189302	1	11
tt2507396	tt1880454	\N	\N
tt2511986	tt0904108	\N	\N
tt25147700	tt0090409	2	15
tt2527952	tt2061497	1	135
tt25387430	tt25386292	1	8
tt25388764	tt11349960	1	489
tt25395626	tt19403194	1	89
tt25397218	tt0456037	\N	\N
tt25401128	tt25398296	1	217
tt2541398	tt0401953	1	552
tt2547080	tt2336680	1	12
tt2556408	tt0329824	\N	\N
tt2564188	tt1039883	13	17
tt2565736	tt2304658	1	5
tt25729292	tt24060416	1	2
tt25807648	tt21410868	1	87
tt25808448	tt0209660	1	65
tt25808650	tt0395339	1	19
tt25811346	tt0044298	\N	\N
tt25909434	tt14820440	4	38
tt25970518	tt12855300	1	6
tt25970658	tt25968258	1	41
tt2600072	tt0773979	\N	\N
tt2608094	tt0831821	4	78
tt2608974	tt0270116	\N	\N
tt26251602	tt0299316	1	196
tt26275116	tt0269541	1	952
tt26346249	tt26344258	1	3
tt26346515	tt1067263	\N	\N
tt26350679	tt0183068	1	1190
tt26423365	tt0386165	1	209
tt26438687	tt12063450	2	14
tt26441321	tt0956279	1	183
tt26452235	tt9512120	1	26
tt2645588	tt1159833	\N	\N
tt2649032	tt0197153	\N	\N
tt26490582	tt26156398	1	10
tt26596404	tt13064558	3	3
tt26655726	tt12223866	1	6
tt26676115	tt13368492	4	135
tt26688693	tt8682874	5	164
tt26696543	tt2595702	4	6
tt26742956	tt1430047	12	8
tt26744561	tt0416380	23	1
tt26746660	tt5102458	1	38
tt26751155	tt5236696	2	110
tt26770079	tt7523066	15	8
tt26859873	tt0409628	\N	\N
tt26862868	tt0409628	\N	\N
tt26863524	tt22071720	1	5
tt26937843	tt0224891	1	31
tt26941926	tt23736536	1	1
tt2694744	tt1025970	\N	\N
tt27005067	tt2609822	1	2568
tt2702402	tt1826909	3	21
tt27034364	tt17765786	1	324
tt27041260	tt27011443	1	5
tt2708122	tt0397306	8	17
tt27112625	tt12618452	1	1775
tt2713026	tt1636331	\N	\N
tt27144305	tt0048860	1	2695
tt27165655	tt14690428	2	17
tt27173477	tt27172347	2	13
tt27206316	tt14576122	1	694
tt2724204	tt0374380	9	5
tt27282946	tt0338590	1	1849
tt27334318	tt0138228	87	56
tt27370209	tt27349433	1	3
tt27403717	tt27403523	1	13
tt27413383	tt0266180	1	35
tt27420788	tt0085049	1	815
tt27421528	tt0085049	1	1293
tt27434054	tt16590304	5	1117
tt27469817	tt8815210	\N	\N
tt27488487	tt12363714	1	10
tt27511304	tt27501604	1	2
tt27511510	tt1738562	32	2
tt27518585	tt27510295	1	2
tt27541588	tt0108743	1	84
tt27550171	tt15520234	1	2
tt27550229	tt15094926	1	23
tt27552860	tt0386929	14	90
tt27562426	tt14974598	6	4
tt27563534	tt3827800	1	5917
tt27568118	tt19315934	2	26
tt27572243	tt17752304	1	352
tt27572341	tt17752304	1	420
tt2757668	tt0372056	\N	\N
tt27587540	tt0459156	\N	\N
tt27626982	tt11274898	\N	\N
tt27641633	tt10223780	12	2
tt27662979	tt22506400	1	3
tt27680063	tt27335042	1	5
tt27680239	tt7805494	4	44
tt27688315	tt25406466	1	124
tt27705125	tt0193684	\N	\N
tt27720498	tt15906736	\N	\N
tt27739086	tt0815041	7	15
tt27739984	tt26457524	\N	\N
tt27742799	tt0285751	\N	\N
tt27745059	tt27742786	1	3
tt27775098	tt27497540	1	5
tt27818314	tt2243101	\N	\N
tt27868170	tt27809007	1	6
tt27901652	tt0870872	2	30
tt27909058	tt0054560	2	89
tt27909887	tt0870872	8	30
tt27911665	tt13352178	7	1
tt27921838	tt11680710	\N	\N
tt27932768	tt6344082	6	8
tt27965550	tt1933766	11	7
tt27997635	tt2399993	1	99
tt27998972	tt27998911	1	1
tt28029474	tt28029089	1	4
tt2806564	tt2628146	4	7
tt28066618	tt7174206	3	1
tt28077688	tt0044265	1	1817
tt28085432	tt11896286	\N	\N
tt28143783	tt0209786	1	14
tt2816810	tt2802990	1	9
tt2817722	tt1920199	1	84
tt2819058	tt2808348	1	8
tt28213816	tt0205693	1	28
tt28226425	tt28147047	1	4
tt28245466	tt0255752	1	516
tt28250897	tt0044265	1	6780
tt28254146	tt27858090	\N	\N
tt28267686	tt0333023	1	6
tt28288014	tt28258313	1	3
tt28288709	tt28284815	1	7
tt28291082	tt12612774	1	939
tt28292985	tt28222660	1	21
tt2830552	tt2806156	\N	\N
tt28309120	tt6938018	15	2
tt28355729	tt4223650	\N	\N
tt28357154	tt9125054	1	65
tt28368326	tt2057880	20	120
tt28373101	tt17780002	1	260
tt2839690	tt2832352	\N	\N
tt28405544	tt0123338	55	45
tt28471554	tt28450861	1	3
tt28501817	tt0057802	1	101
tt28506703	tt28493859	1	4
tt28516202	tt6906970	\N	\N
tt28522708	tt0294228	1	660
tt28542877	tt10987534	3	7
tt28544897	tt0300803	1	31
tt2855346	tt0386198	9	4
tt2857502	tt2813676	1	4
tt28586778	tt0286393	\N	\N
tt28609502	tt0480316	\N	\N
tt28610919	tt0162076	26	136
tt28620858	tt0821873	11	8
tt28626063	tt0162076	27	40
tt28656076	tt0209609	1	93
tt28668497	tt12664886	1	748
tt2868618	tt1119642	1	561
tt28694966	tt6182664	1	325
tt28696456	tt4539262	\N	\N
tt28701650	tt0407438	1	33
tt28709770	tt1123568	2	13
tt28712688	tt28699095	\N	\N
tt28717413	tt0185103	31	40
tt28719122	tt28702406	1	532
tt28756117	tt28755824	1	4
tt2876012	tt0052459	1	9
tt28769614	tt14562800	\N	\N
tt28775760	tt11492866	\N	\N
tt28777728	tt13593748	1	655
tt28806153	tt27522177	1	20
tt28806793	tt0407436	1	65
tt28807061	tt28797772	1	5
tt28807713	tt27744901	2	3
tt28815127	tt2575614	23	298
tt2890846	tt0158427	\N	\N
tt2895114	tt2888980	\N	\N
tt2897878	tt0420472	\N	\N
tt29007064	tt28786421	1	19
tt2901586	tt2720144	1	12
tt2904026	tt0320913	\N	\N
tt29043527	tt2111748	\N	\N
tt29078395	tt8927406	32	33
tt29116329	tt0380138	1	832
tt2919308	tt2274282	1	8
tt29195137	tt6769314	\N	\N
tt2924058	tt1725143	9	2
tt2925784	tt0050030	3	116
tt29261578	tt28685607	2	90
tt29273800	tt29079494	1	5795
tt29301721	tt29298156	1	231
tt29308136	tt29079494	1	7186
tt29311476	tt28070656	1	5
tt29312677	tt0224903	1	43
tt29336793	tt29079621	1	1389
tt29363401	tt0369117	240	7
tt2942780	tt2927648	1	2
tt29431479	tt1488698	\N	\N
tt2943726	tt2773042	3	4
tt29456467	tt29454560	\N	\N
tt29475258	tt0465852	\N	\N
tt29485020	tt12978302	3	1
tt29514888	tt29514265	1	16
tt29516035	tt29515893	1	14
tt29519113	tt12547184	2	18
tt29552366	tt29266787	\N	\N
tt29567045	tt9694960	1	88
tt29568789	tt4192812	6	3
tt2957946	tt2939546	1	3
tt29593950	tt0096597	34	56
tt29593954	tt0096597	34	59
tt2959742	tt1394151	6	36
tt29621014	tt0250846	1	293
tt29667135	tt25274258	1	188
tt29720247	tt24580466	\N	\N
tt29724688	tt21233210	1	107
tt29729368	tt5903250	9	8
tt29798940	tt29053466	1	6
tt29869234	tt9589494	2	39
tt29927050	tt26689697	2	28
tt29942703	tt27095392	2	94
tt29958691	tt11660930	1	37
tt29965126	tt29960043	1	129
tt29978359	tt25420942	\N	\N
tt2997892	tt2841688	2	6
tt3000682	tt2980176	1	1
tt3003442	tt0165001	\N	\N
tt30056087	tt21989170	\N	\N
tt30058947	tt0271280	15	39
tt3007470	tt2287229	2	6
tt30087795	tt26448339	6	14
tt30136754	tt30056685	2	3
tt30151855	tt30151008	1	17
tt3015954	tt2764882	1	54
tt30179162	tt11871384	5	98
tt30179932	tt20234932	1	244
tt30193174	tt30146400	1	26
tt30222028	tt11554102	\N	\N
tt30224942	tt30220114	3	3
tt30262127	tt30254746	1	493
tt30268174	tt1025770	\N	\N
tt30274066	tt29593484	1	14
tt30276589	tt30254746	1	6144
tt30278414	tt30254710	1	442
tt30278528	tt30254710	1	538
tt30278638	tt30254710	1	628
tt30280925	tt30254710	1	2240
tt30291226	tt17073874	1	631
tt3031076	tt1812443	1	15
tt30398719	tt30396663	1	47
tt30400256	tt4855620	\N	\N
tt30414838	tt1025770	\N	\N
tt30420099	tt30224310	1	1
tt30426211	tt29888335	1	149
tt30458721	tt0161164	1	86
tt30459726	tt0236919	2	10
tt30475652	tt28699095	\N	\N
tt30477759	tt0185065	\N	\N
tt3048748	tt3037756	\N	\N
tt30579434	tt29705901	1	276
tt30580656	tt30580602	1	1
tt30607910	tt1325046	\N	\N
tt30627835	tt14137954	4	104
tt30631410	tt28685607	11	94
tt30758813	tt27930291	1	110
tt30760667	tt30760093	\N	\N
tt3076732	tt2313114	2	4
tt30789660	tt7813258	2	20
tt30803167	tt10800096	1	47
tt30805861	tt29141120	1	6
tt30809834	tt7813258	1	56
tt30826149	tt22460828	1	18
tt30835282	tt30816013	1	8
tt30835411	tt26224444	2	7
tt3085020	tt2745946	1	17
tt30869520	tt27974096	1	1
tt30949339	tt12104474	1	5
tt30968578	tt23634238	1	9
tt30984134	tt30970909	1	4
tt30985224	tt29402016	1	3
tt30985389	tt0103434	1	7946
tt30997053	tt30989205	1	1
tt31023335	tt31022730	1	2
tt31033357	tt7657494	8	7
tt31049392	tt0243730	\N	\N
tt31066015	tt9662962	\N	\N
tt31067409	tt31029075	2	12
tt3108044	tt0184090	\N	\N
tt31185079	tt31173736	1	3
tt31187088	tt0175383	1	3522
tt3121688	tt1848013	\N	\N
tt31242526	tt31235905	1	17
tt3140672	tt3123978	\N	\N
tt31411285	tt31398701	1	133
tt31416381	tt7009290	1	76
tt31458419	tt9140632	4	5
tt3153664	tt2828696	1	16
tt31578990	tt17915774	1	180
tt31592541	tt7552858	5	42
tt31597279	tt4449470	7	2
tt31608471	tt8135220	16	46
tt31638472	tt31638435	1	3
tt31650808	tt31593180	2	9
tt3169312	tt2823212	\N	\N
tt3175922	tt3153698	1	11
tt3183770	tt0222648	\N	\N
tt31848171	tt30632873	1	219
tt31913864	tt5646304	1	2570
tt31937027	tt31849557	\N	\N
tt31937615	tt1488698	\N	\N
tt31946041	tt0820392	16	25
tt31959261	tt13121036	2	23
tt31971848	tt3981836	\N	\N
tt31973925	tt31956936	1	18
tt32027623	tt10066632	3	54
tt32028679	tt0815041	9	49
tt32033707	tt7917804	3	55
tt3205734	tt0386255	\N	\N
tt32103933	tt31632669	\N	\N
tt32126191	tt15375572	7	14
tt32126831	tt0096597	34	157
tt32142526	tt0143024	1	16
tt32163702	tt16280720	\N	\N
tt32205675	tt32199564	3	5
tt32207210	tt28221381	1	29
tt32212860	tt2405826	\N	\N
tt32218266	tt25274258	1	359
tt32226260	tt29694831	1	79
tt32270184	tt2632434	19	14
tt32278021	tt21982376	1	515
tt3229072	tt0096537	\N	\N
tt32342275	tt32341707	1	126
tt32348032	tt4563516	1	9
tt32395071	tt27238424	1	20
tt32400400	tt20754108	\N	\N
tt32441117	tt22816816	1	517
tt3247052	tt3238990	\N	\N
tt32475923	tt32474463	3	5
tt32476689	tt11524398	3	16
tt32502132	tt32482505	1	439
tt3250478	tt3242800	1	3
tt32535654	tt6764378	5	28
tt32538663	tt32482505	2	204
tt3255090	tt3242594	\N	\N
tt3255748	tt2275071	2	5
tt32575278	tt32482505	3	1
tt32599452	tt31078776	5	21
tt32622314	tt32607480	4	3
tt32649653	tt32646694	1	858
tt32658783	tt31866770	1	177
tt32676013	tt32188757	1	2620
tt3272770	tt3250706	6	185
tt32728437	tt23398668	1	21
tt32728685	tt32677145	1	63
tt32731303	tt32221619	1	2
tt32740065	tt4699178	11	14
tt32751102	tt17013904	1	5121
tt3276536	tt3250586	1	4
tt32778036	tt32316541	1	33
tt32780078	tt32605469	1	12
tt32812492	tt32748940	1	3183
tt3283246	tt1521864	2	15
tt32858185	tt1988246	8	49
tt32875420	tt32126695	\N	\N
tt32892999	tt6854902	\N	\N
tt32898156	tt16733738	4	7
tt32915231	tt14338322	8	1
tt32919696	tt32231220	1	45
tt33001661	tt32810143	1	9
tt33038843	tt29335235	4	21
tt33045060	tt29622673	1	11
tt33051588	tt30254746	1	9730
tt33053331	tt30254746	1	10141
tt3305984	tt3273280	\N	\N
tt33064743	tt32482007	1	6
tt3306614	tt3273280	\N	\N
tt33068273	tt0068069	1	3056
tt33073644	tt33062164	1	1074
tt33091653	tt1559904	2	3
tt33094225	tt23858980	2	9
tt33143149	tt0302203	\N	\N
tt3315872	tt2911882	2	1
tt33165323	tt33164849	8	2
tt33184109	tt31400611	1	29
tt3318676	tt3244332	\N	\N
tt33202875	tt0198226	1	549
tt3322222	tt0380136	11	10
tt33241431	tt14403160	5	2
tt33253866	tt0054583	1	163
tt33269181	tt0072506	50	175
tt33292379	tt12164342	15	67
tt33294552	tt33291404	1	4
tt33306653	tt0395868	\N	\N
tt33311549	tt0313080	1	253
tt33320598	tt1572006	\N	\N
tt33333638	tt0198171	1	87
tt33336236	tt33311756	1	7
tt33347333	tt10975964	\N	\N
tt33354297	tt2291985	\N	\N
tt3335910	tt2263743	1	6
tt33394129	tt33384753	1	120
tt33399135	tt33377640	1	1553
tt3340450	tt3326238	1	6
tt33465465	tt0413578	2	1
tt33476275	tt16492730	3	9
tt3431942	tt0462106	\N	\N
tt3443404	tt0244912	33	20
tt3448034	tt3204608	2	6
tt3487106	tt0780429	\N	\N
tt3494636	tt0484516	12	1
tt3495802	tt1981538	2	5
tt3496210	tt3483736	4	6
tt3498134	tt2983896	1	168
tt3509008	tt0499383	9	10
tt3511066	tt3503496	1	1
tt3534138	tt2929232	1	1
tt3541462	tt0199184	10	1
tt3550470	tt3103298	\N	\N
tt3571090	tt2119027	2	5
tt3592616	tt3576508	1	9
tt3598268	tt0356286	\N	\N
tt3603506	tt1825254	2	1
tt3613072	tt1983712	2	14
tt3618266	tt3602134	1	2
tt3618386	tt0386938	1	10
tt3618784	tt3612614	1	19
tt3625460	tt2726086	1	18
tt3643008	tt1166709	11	1
tt3676902	tt0185065	\N	\N
tt3724016	tt3691726	1	73
tt3742310	tt0364157	\N	\N
tt3757024	tt2956164	3	15
tt3763700	tt3405564	1	9
tt3767922	tt1585899	1	45
tt3781964	tt1844624	4	13
tt3781990	tt1358522	6	3
tt3784382	tt2367359	1	3
tt3796098	tt2856378	1	61
tt3823946	tt0106052	8	130
tt3836086	tt0463827	13	3
tt3845404	tt0818467	\N	\N
tt3849388	tt1293316	1	1
tt3850616	tt3627680	1	7
tt3857366	tt3597028	1	11
tt3872406	tt3857822	1	26
tt3881000	tt1350642	\N	\N
tt3884502	tt0044265	1	6489
tt3894684	tt3689776	1	6
tt3900378	tt3885720	1	33
tt3919496	tt1280627	\N	\N
tt3925728	tt1985601	1	342
tt3929186	tt1985601	1	2069
tt3938244	tt1985601	1	7095
tt3941852	tt1985601	1	9399
tt3952980	tt1152651	8	7
tt3956264	tt2263799	2	5
tt3962506	tt1741646	1	35
tt3965498	tt1360087	1	1148
tt3969718	tt3319130	2	8
tt3982168	tt3742982	1	9
tt3988790	tt2823260	1	786
tt3991614	tt2827836	1	15
tt3995398	tt1371000	\N	\N
tt3998822	tt3575570	1	136
tt4007578	tt3780132	1	7
tt4009076	tt5494602	1	133
tt4013658	tt1402943	2	36
tt4013782	tt1402943	3	7
tt4013926	tt1402943	4	14
tt4031594	tt4020982	1	174
tt4041376	tt4028442	3	8
tt4043628	tt0294140	\N	\N
tt4049728	tt0211820	\N	\N
tt4065164	tt0241383	16	108
tt4089180	tt3840030	1	635
tt4095514	tt0383792	\N	\N
tt4097296	tt3763752	4	2
tt4106698	tt3650678	\N	\N
tt4111004	tt3633454	1	21
tt4134910	tt1528406	3	108
tt4138682	tt0818818	29	29
tt4153986	tt0424586	\N	\N
tt4163512	tt2810310	\N	\N
tt4170500	tt0139803	35	2
tt4172652	tt0407423	31	90
tt4175544	tt3893314	1	4
tt4200660	tt2416806	\N	\N
tt4209218	tt0844792	1	5
tt4220792	tt0056752	1	1383
tt4244740	tt2273316	3	3
tt4268456	tt0889154	1	79
tt4270916	tt0329890	1	14
tt4273980	tt0055688	4	123
tt4293192	tt0451479	1	69
tt4310110	tt0185819	1	2750
tt4316526	tt0840073	\N	\N
tt4330994	tt0057731	1	1375
tt4369030	tt0364876	\N	\N
tt4376414	tt0270764	21	156
tt4378758	tt4211484	\N	\N
tt4404048	tt0096547	\N	\N
tt4413286	tt0057731	1	4174
tt4458510	tt4346362	1	28
tt4461510	tt2234701	\N	\N
tt4492628	tt0162076	9	18
tt4506300	tt0249325	1	21
tt4523914	tt4438250	1	20
tt4525268	tt0439389	1	71
tt4536426	tt0106053	22	111
tt4562194	tt4403914	15	6
tt4565818	tt0465809	14	14
tt4581964	tt3852622	1	19
tt4585366	tt4479780	6	5
tt4640076	tt4628852	1	316
tt4645874	tt4628832	8	1
tt4647588	tt0827947	9	157
tt4652824	tt1740718	5	163
tt4657746	tt4628746	1	23
tt4674526	tt0420364	1	30
tt4678198	tt4662892	1	128
tt4698992	tt4073314	1	89
tt4724248	tt4387082	\N	\N
tt4725674	tt3901950	1	66
tt4729818	tt1112587	8	58
tt4740328	tt2300165	1	16
tt4745720	tt2397255	3	19
tt4749162	tt0387783	6	61
tt4757196	tt4741480	1	11
tt4761500	tt4357332	1	13
tt4782448	tt4763314	1	3
tt4783216	tt3905708	1	7
tt4784154	tt4760506	1	73
tt4788396	tt4709678	1	547
tt4798824	tt2509326	\N	\N
tt4804206	tt4792582	1	26
tt4805560	tt3329542	1	305
tt4835556	tt4777744	2	11
tt4861506	tt4851698	1	11
tt4870750	tt3776548	\N	\N
tt4874290	tt4865638	1	1
tt4877966	tt0096597	13	24
tt4887116	tt4181892	3	10
tt4887868	tt1685484	3	4
tt4890330	tt0344647	\N	\N
tt4926448	tt0419321	\N	\N
tt4935840	tt3776548	\N	\N
tt4953936	tt4926002	1	31
tt4977700	tt4958580	1	7
tt4982498	tt0783392	\N	\N
tt4985864	tt4927396	1	7
tt4986340	tt0887237	\N	\N
tt4998530	tt2191567	4	6
tt4998854	tt0062571	1	17
tt5003270	tt5000804	1	5
tt5018674	tt5006482	1	7
tt5032804	tt4261786	1	4
tt5042516	tt1575843	\N	\N
tt5057630	tt0063951	5	49
tt5077764	tt4356344	1	0
tt5080768	tt3347284	2	9
tt5091578	tt5028898	1	20
tt5103082	tt1224144	1	143
tt5103250	tt0407358	\N	\N
tt5104180	tt6854902	\N	\N
tt5109132	tt0140733	3	113
tt5110626	tt0057731	1	713
tt5138402	tt1517109	7	30
tt5146982	tt2230761	3	1
tt5165334	tt11335442	\N	\N
tt5182084	tt2741602	3	17
tt5191602	tt3237468	2	4
tt5193874	tt0391664	21	1
tt5201562	tt0315704	\N	\N
tt5225070	tt0211890	1	635
tt5226636	tt5098450	1	2
tt5265620	tt5143438	1	8
tt5275992	tt4304908	1	74
tt5288670	tt1926733	6	27
tt5291870	tt0388631	1	4
tt5309480	tt0247094	\N	\N
tt5316184	tt5094726	1	9
tt5317654	tt4934674	\N	\N
tt5323506	tt4611894	1	9
tt5336490	tt4696338	1	171
tt5401846	tt0283794	1	1319
tt5404896	tt0283794	1	2792
tt5406232	tt0283794	1	3443
tt5410138	tt0283794	1	5374
tt5414308	tt0283794	1	7430
tt5415082	tt0283794	1	7811
tt5418810	tt0094481	1	6972
tt5419678	tt3067206	6	6
tt5422766	tt0057741	1	1690
tt5473724	tt2794380	4	5
tt5481434	tt0070973	1	123
tt5493004	tt5303602	1	1
tt5517324	tt0479846	1	2407
tt5522664	tt0048860	1	2258
tt5536494	tt5522010	1	4
tt5539220	tt4762000	1	24
tt5543302	tt5240222	1	11
tt5544200	tt0069658	1	10844
tt5549578	tt5145452	1	25
tt5557634	tt0486172	3	8
tt5585430	tt2548200	4	9
tt5597264	tt0056752	1	2128
tt5613358	tt0083441	\N	\N
tt5618152	tt2819924	4	1
tt5694936	tt3530946	1	28
tt5703808	tt0315657	4	10
tt5716696	tt5696832	1	1
tt5722562	tt3608508	\N	\N
tt5722690	tt3230032	\N	\N
tt5729890	tt3629484	1	6
tt5735852	tt0055714	\N	\N
tt5757752	tt5750358	3	35
tt5802636	tt0421288	2	44
tt5838606	tt3511852	1	152
tt5863000	tt3776548	\N	\N
tt5863136	tt0197164	1	294
tt5897258	tt0465862	1	3
tt5898258	tt3763544	1	4
tt5902914	tt0069658	1	4119
tt5909586	tt1637574	6	119
tt5919068	tt5903894	1	2
tt5937006	tt0167515	\N	\N
tt5946376	tt4649174	2	98
tt5956322	tt3845452	3	8
tt5988354	tt5378696	\N	\N
tt5989672	tt0835962	1	2499
tt6003808	tt5976768	1	2
tt6008456	tt5690230	1	16
tt6032788	tt6027172	1	4
tt6043968	tt5299008	2	3
tt6065682	tt4151188	\N	\N
tt6066984	tt5588538	1	1
tt6069606	tt4151188	\N	\N
tt6102266	tt5957140	\N	\N
tt6107436	tt0993412	1	3
tt6122928	tt0298674	\N	\N
tt6126754	tt0381731	6	16
tt6131670	tt5738256	1	10
tt6141906	tt5359400	\N	\N
tt6200568	tt0949791	7	15
tt6230626	tt6202104	1	8
tt6234150	tt0970821	\N	\N
tt6241626	tt2114006	\N	\N
tt6251922	tt0056758	1	438
tt6254702	tt6174252	1	2
tt6255884	tt4979824	\N	\N
tt6282418	tt3444938	4	62
tt6285866	tt5989884	\N	\N
tt6294070	tt0329824	15	71
tt6298888	tt0108977	1	690
tt6308040	tt6296212	1	655
tt6311716	tt6300838	1	5
tt6313072	tt0298674	\N	\N
tt6321384	tt0367305	1	67
tt6336778	tt9148446	4	17
tt6348688	tt3288718	1	2
tt6366950	tt0764959	12	27
tt6376170	tt2446208	\N	\N
tt6381164	tt5015420	2	28
tt6383858	tt5973860	4	4
tt6386690	tt0103434	1	6161
tt6387704	tt3170940	4	164
tt6394170	tt5462364	1	3
tt6415282	tt6234398	1	13
tt6427728	tt0396351	1	17
tt6428042	tt6153266	1	6
tt6463158	tt5989884	\N	\N
tt6471500	tt6061336	\N	\N
tt6476536	tt0231025	1	3
tt6484632	tt6273202	1	7
tt6489904	tt4786044	2	3
tt6507358	tt6071788	2	7
tt6508280	tt5303010	1	124
tt6527100	tt6520874	\N	\N
tt6532450	tt0363327	1	8
tt6537254	tt1799244	\N	\N
tt6547666	tt6061336	\N	\N
tt6554052	tt6473028	\N	\N
tt6584856	tt2342877	5	16
tt6586868	tt0271284	1	23
tt6590124	tt6326162	1	36
tt6602384	tt6593922	1	5
tt6612444	tt6602070	1	5
tt6612834	tt6609270	1	2
tt6617722	tt0363327	1	31
tt6635454	tt0108977	1	3192
tt6636682	tt6482500	1	13
tt6637310	tt4448234	1	22
tt6656254	tt0479846	1	316
tt6665674	tt4508624	2	3
tt6670752	tt6141742	1	148
tt6699824	tt2169144	3	7
tt6713080	tt0299419	1	10
tt6722752	tt0218754	1	28
tt6735636	tt5397520	2	8
tt6736682	tt2952394	2	1
tt6755694	tt0429434	22	2
tt6788326	tt4267270	\N	\N
tt6791378	tt0853076	1	17
tt6794206	tt0170980	12	113
tt6818658	tt6793058	1	35
tt6825416	tt6716062	1	1
tt6831646	tt5982146	\N	\N
tt6840238	tt4771108	4	25
tt6859372	tt1084172	\N	\N
tt6865332	tt6861954	1	15
tt6867314	tt0382449	\N	\N
tt6899508	tt5154982	1	18
tt6917182	tt6757652	6	2
tt6918454	tt4125234	10	4
tt6934308	tt6908172	1	2
tt6935618	tt6921406	1	37
tt6939894	tt5040622	\N	\N
tt6952350	tt0159881	33	186
tt6971332	tt0103434	1	5175
tt6984016	tt6131418	2	2
tt6989682	tt6958732	1	6
tt7004568	tt0300803	\N	\N
tt7047054	tt0184090	\N	\N
tt7060210	tt0197135	1	237
tt7064196	tt1262810	1	98
tt7068084	tt5033322	1	3
tt7073838	tt3691530	1	99
tt7106826	tt6209766	6	5
tt7109398	tt5080582	\N	\N
tt7123900	tt0364183	2	31
tt7153494	tt0055708	\N	\N
tt7175300	tt6491434	1	103
tt7194144	tt6444736	1	36
tt7194200	tt6444736	1	61
tt7223644	tt1725903	8	2
tt7231826	tt0365996	\N	\N
tt7233886	tt6846190	\N	\N
tt7238196	tt3975768	\N	\N
tt7240092	tt0179052	4	5
tt7242842	tt6526530	1	96
tt7250322	tt7232410	1	13
tt7271884	tt6075596	1	101
tt7273936	tt0219447	4	18
tt7275002	tt6135682	1	9
tt7280520	tt0147776	1	126
tt7285852	tt6095064	1	36
tt7318008	tt0300748	1	80
tt7320608	tt6466932	13	45
tt7329090	tt0370166	\N	\N
tt7379548	tt1709194	1	15
tt7382214	tt0337742	1	198
tt7385060	tt7375030	1	1
tt7424368	tt4775414	5	15
tt7432722	tt0928097	1	117
tt7434840	tt7370510	1	2
tt7443172	tt0369166	1	133
tt7446782	tt3627416	9	1
tt7463042	tt2103372	1	120
tt7474056	tt0480086	1	19
tt7474836	tt0414736	1	122
tt7484078	tt3713692	\N	\N
tt7499050	tt7407336	3	18
tt7511616	tt0215425	1	110
tt7511902	tt0256271	1	60
tt7515632	tt0224919	1	155
tt7516066	tt0475916	1	56
tt7523942	tt0224919	1	195
tt7524240	tt7516996	\N	\N
tt7526146	tt6909952	7	18
tt7531682	tt7314888	1	19
tt7561700	tt7546528	2	2
tt7587386	tt7557512	\N	\N
tt7599770	tt0391683	1	102
tt7604072	tt5139360	\N	\N
tt7628270	tt4979824	\N	\N
tt7635754	tt0341193	\N	\N
tt7643652	tt6621924	\N	\N
tt7646816	tt0056752	1	3076
tt7647924	tt7410298	1	130
tt7649778	tt0887237	\N	\N
tt7663354	tt7647514	\N	\N
tt7669922	tt4196822	2	11
tt7725344	tt7710426	1	1
tt7726836	tt3376556	1	69
tt7729658	tt0298643	8	21
tt7731270	tt0149546	12	11
tt7746244	tt7065814	\N	\N
tt7759078	tt0244332	11	16
tt7772180	tt7670194	2	46
tt7785138	tt0217211	22	62
tt7816728	tt4078708	1	20
tt7837418	tt3963904	2	39
tt7849070	tt2324525	3	91
tt7862828	tt2746404	1	4
tt7888754	tt0386939	1	91
tt7890036	tt0167735	\N	\N
tt7893136	tt7818366	1	16
tt7903030	tt0397781	1	94
tt7919612	tt7784694	1	20
tt7930448	tt5348042	3	4
tt7952308	tt0211767	1	187
tt7962360	tt7959954	1	5
tt7971250	tt2910420	6	61
tt7975914	tt4885040	2	12
tt7976386	tt6283838	1	313
tt7987154	tt0398457	1	128
tt8036720	tt3831928	6	3
tt8058390	tt0494626	1	59
tt8062882	tt0404641	1	95
tt8075500	tt0464869	1	8
tt8086880	tt0283743	1	111
tt8088440	tt0491733	1	20
tt8092412	tt6610786	5	18
tt8100452	tt0495923	1	44
tt8107892	tt0229907	\N	\N
tt8108842	tt0241111	1	108
tt8118856	tt0161143	1	9
tt8125754	tt0069629	22	44
tt8143206	tt0215456	1	114
tt8146176	tt8146036	4	6
tt8154238	tt0398459	1	49
tt8162046	tt8101930	1	124
tt8164376	tt6864338	\N	\N
tt8165608	tt8160020	1	12
tt8183882	tt3004376	4	128
tt8184410	tt6061278	\N	\N
tt8191522	tt2180245	1	5
tt8198942	tt8134722	1	24
tt8208850	tt0459151	1	288
tt8213426	tt1499588	1	78
tt8222406	tt7304284	1	25
tt8232164	tt8125110	1	16
tt8234000	tt1667724	1	91
tt8266876	tt8169444	\N	\N
tt8275752	tt1754850	2	1
tt8276928	tt8267618	1	8
tt8283582	tt0156227	1	30
tt8309194	tt8154598	1	26
tt8314290	tt0209596	1	9
tt8329008	tt0202756	1	15
tt8352510	tt0138218	1	35
tt8384432	tt0224931	1	71
tt8387200	tt5189940	8	23
tt8393020	tt0483968	3	153
tt8393814	tt0209577	1	10
tt8396410	tt3491036	1	6
tt8398120	tt3234226	1	132
tt8406562	tt8405804	3	11
tt8423348	tt8269498	16	28
tt8429706	tt7948132	1	1
tt8453378	tt1266462	2	14
tt8455560	tt0138241	1	95
tt8480702	tt7989888	\N	\N
tt8480740	tt7892026	1	21
tt8493854	tt0096636	30	196
tt8496826	tt8495002	1	41
tt8505970	tt6053538	1	13
tt8526388	tt3921842	1	83
tt8558870	tt1381012	1	62
tt8560934	tt0170980	5	75
tt8563030	tt0209672	1	125
tt8575728	tt4083422	1	811
tt8583226	tt1321713	1	215
tt8596258	tt0264312	1	146
tt8617370	tt7201258	1	83
tt8627624	tt8483276	6	153
tt8655454	tt0209777	1	58
tt8661292	tt8347674	1	20
tt8671460	tt0399989	1	1214
tt8680118	tt1815212	2	45
tt8693806	tt0332917	2	66
tt8715252	tt2810310	\N	\N
tt8731270	tt1271991	\N	\N
tt8737340	tt1174639	\N	\N
tt8741734	tt8731762	1	1
tt8775868	tt8304664	\N	\N
tt8776418	tt0233114	1	45
tt8782960	tt6574360	3	1
tt8789530	tt5287942	14	17
tt8791172	tt0236897	1	60
tt8813404	tt0209803	1	57
tt8813422	tt0209658	1	46
tt8823180	tt0297351	1	154
tt8823754	tt0224993	1	81
tt8857542	tt0224887	16	37
tt8873180	tt0406409	1	10
tt8876662	tt8876272	2	10
tt8878252	tt0209615	1	89
tt8887310	tt0300760	1	49
tt8892472	tt4406178	1	4
tt8915112	tt0379600	1	36
tt8950982	tt0478349	1	9
tt8954608	tt8948304	1	5
tt8960804	tt0209710	1	52
tt8964148	tt8806456	1	12
tt8965298	tt8813294	1	11
tt8972228	tt1949650	1	12
tt8973120	tt0222535	1	52
tt8982200	tt0118435	1	1528
tt8998054	tt5597084	10	20
tt8999736	tt0236427	14	1
tt9004728	tt1973695	10	8
tt9009998	tt0332877	3	111
tt9022332	tt0242234	1	211
tt9026920	tt1245395	2	37
tt9034128	tt7702876	1	50
tt9050522	tt9050410	1	10
tt9054490	tt9053348	1	7
tt9080178	tt3923034	1	117
tt9091328	tt0154062	3	43
tt9095494	tt9086270	1	1
tt9101314	tt0403752	1	28
tt9103538	tt9092522	1	5
tt9116590	tt5525758	1	28
tt9116686	tt0429468	1	25
tt9117524	tt0144724	19	45
tt9122010	tt0472212	2	2
tt9122436	tt4906522	1	80
tt9156418	tt10322964	\N	\N
tt9159912	tt7315916	2	12
tt9167384	tt1889606	1	58
tt9181320	tt7416834	1	132
tt9184494	tt0184090	\N	\N
tt9209444	tt9077350	1	20
tt9209514	tt8589816	3	6
tt9240550	tt2878412	1	36
tt9253636	tt9252568	3	1
tt9275716	tt9275626	\N	\N
tt9279520	tt0366086	1	14
tt9292042	tt9288246	1	5
tt9326622	tt0839217	1	27
tt9342136	tt7787466	1	12
tt9344820	tt8527938	1	8
tt9360254	tt0158427	3	12
tt9369806	tt2604124	8	6037
tt9374496	tt3914874	1	65
tt9402670	tt2070564	\N	\N
tt9412710	tt7124904	2	106
tt9419380	tt0289801	\N	\N
tt9428554	tt0222602	1	110
tt9432260	tt8056962	1	63
tt9451826	tt0815063	11	11
tt9452890	tt8336340	\N	\N
tt9454258	tt8387608	2	72
tt9457142	tt7667168	1	135
tt9457546	tt4477976	4	16
tt9457572	tt9451178	1	3
tt9459446	tt8765598	1	40
tt9470666	tt0198204	\N	\N
tt9472276	tt9471404	1	0
tt9484128	tt1445563	1	382
tt9487000	tt9447112	3	5
tt9491632	tt3424704	\N	\N
tt9497958	tt3591138	1	456
tt9506684	tt3425318	6	2
tt9515794	tt3901116	1	32
tt9529822	tt7124904	2	117
tt9540450	tt9322448	1	20
tt9554620	tt9458382	1	5
tt9604992	tt0040048	5	14
tt9613598	tt7006488	\N	\N
tt9619366	tt0063879	1	31
tt9620092	tt0820392	43	67
tt9622484	tt6216702	4	148
tt9629370	tt7263748	1	332
tt9633420	tt4036176	\N	\N
tt9637796	tt0289801	\N	\N
tt9644318	tt5805288	2	74
tt9655972	tt7762656	1	151
tt9660732	tt5619980	4	41
tt9666158	tt0807979	3	38
tt9666256	tt0807979	1	35
tt9715292	tt0498891	\N	\N
tt9715624	tt9715032	\N	\N
tt9716952	tt0498891	\N	\N
tt9738350	tt4696552	\N	\N
tt9743542	tt9098706	\N	\N
tt9757574	tt2282359	1	1258
tt9758424	tt3007640	10	1
tt9768578	tt2265000	1	701
tt9776232	tt6512096	2	21
tt9782262	tt0170968	11	44
tt9796264	tt7766104	2	2
tt9801116	tt8512990	1	308
tt9803398	tt5948914	6	23
tt9813282	tt2282359	1	673
tt9831048	tt3476414	1	372
tt9836540	tt7762818	1	48
tt9837390	tt4674760	3	2
tt9847426	tt0159881	35	121
tt9854186	tt7967862	3	19
tt9910216	tt9864912	1	3
